gene	drug	regulatory approval	indication	interaction score
CRYGD	DOXAPRAM	Approved	""	26.10189927944276
CRYGD	HE3235	Not Approved	antineoplastic agent	13.05094963972138
AOC1	OXYMETAZOLINE HYDROCHLORIDE	Approved	analgesic	0.05674325930313644
AOC1	CHLORPROMAZINE	Approved	""	0.03067203205574942
AOC1	RX821002	Not Approved	""	0.2837162965156822
AOC1	[3H]RAUWOLSCINE	Not Approved	""	0.2837162965156822
AOC1	SPIROXATRINE	Not Approved	""	0.1134865186062728
AOC1	RACEPINEPHRINE	Approved	""	0.1621235980089612
AOC1	RAUWOLSCINE	Not Approved	""	0.1418581482578411
AOC1	CABERGOLINE	Approved	Antiparkinson Agents	0.07092907412892055
AOC1	ZOTEPINE	Not Approved	""	0.07092907412892055
AOC1	ATIPAMEZOLE	Approved	""	0.3782883953542429
AOC1	BRIMONIDINE	Approved	for treatment of glaucoma	0.09457209883856074
AOC1	XYLOMETAZOLINE	Approved	""	0.1134865186062728
AOC1	LISURIDE	Not Approved	Antiparkinson Agents	0.05972974663488047
AOC1	TOLAZOLINE	Approved	Antihypertensive Agents	0.2269730372125457
AOC1	PHENTOLAMINE	Approved	Antihypertensive Agents,for treatment of erectile dysfunction	0.0756576790708486
AOC1	GUANFACINE HYDROCHLORIDE	Approved	for treatment of ADHD	0.103169562369339
AOC1	MK-912	Not Approved	""	0.2837162965156822
AOC1	EPINEPHRINE	Approved	anestethic	0.02837162965156822
AOC1	IDAZOXAN	Not Approved	""	0.09457209883856074
AOC1	TIZANIDINE HYDROCHLORIDE	Approved	muscle relaxant,for treatment of skeletal muscular spasticity	0.1891441976771214
AOC1	WB 4101	Not Approved	""	0.1621235980089612
AOC1	CLOZAPINE	Approved	Antipsychotic Agents	0.02339928218686039
AOC1	BRL 44408	Not Approved	""	0.3782883953542429
AOC1	XYLAZINE	Not Approved	""	0.3782883953542429
AOC1	[3H]MK-912	Not Approved	""	0.3782883953542429
AOC1	ROXINDOLE	Not Approved	""	0.0756576790708486
AOC1	MIRTAZAPINE	Approved	antidepressant	0.05674325930313644
AOC1	RS79948	Not Approved	""	0.3782883953542429
AOC1	YOHIMBINE	Approved	Mydriatics; Anti-impotence Agents	0.06675677565074875
AOC1	AMITRIPTYLINE HYDROCHLORIDE	Approved	analgesic	0.05043845271389906
AOC1	MOXONIDINE	Approved	""	0.1621235980089612
AOC1	LOFEXIDINE	Approved	for treatment of opiate withdrawal	0.1621235980089612
AOC1	DEXMEDETOMIDINE HYDROCHLORIDE	Approved	Analgesics; Hypnotics and Sedatives	0.103169562369339
AOC1	CLONIDINE HYDROCHLORIDE	Approved	antimucositic,for treatment of ADHD,for treatment of diabetic neuropathy	0.0872973220048253
AOC1	PHENOXYBENZAMINE	Approved	Anticonvulsants; Hypnotics and Sedatives	0.103169562369339
AOC1	TERGURIDE	Not Approved	for treatment of pulmonary arterial hypertension	0.0756576790708486
AOC1	GUANABENZ	Approved	Antihypertensive Agents	0.2269730372125457
AOC1	PROXIBARBAL	Approved	""	0.5674325930313644
AOC1	ARC-239	Not Approved	""	0.3782883953542429
AOC1	[125I]P-IODOCLONIDINE	Not Approved	""	0.3782883953542429
AOC1	PERGOLIDE	Approved	Antiparkinson Agents	0.06675677565074875
AOC1	BROMOCRIPTINE	Approved	antidiabetic	0.03660855438912028
AOC1	PRAZOSIN	Approved	Antihypertensive Agents; antispasmodics	0.0756576790708486
AOC1	CANNABIDIOL	Approved	""	0.2837162965156822
AOC1	APOMORPHINE	Approved	antiparkinson agent,for treatment of erectile dysfunction,for treatment of sexual dysfunction in women	0.04203204392824922
AOC1	NOREPINEPHRINE	Approved	Antihypotensive Agents; Vasoconstrictor Agents	0.03546453706446027
GGCX	VITAMIN K	Approved	Antifibrinolytic Agents	3.480253237259035
GGCX	ZAVONDEMSTAT	Not Approved	""	5.220379855888553
GGCX	VITAMIN K3	Approved	for reducing EGFR-inhibitor-induced dermatological side effects	0.7200523939156624
GGCX	IOX1	Not Approved	""	2.610189927944276
GGCX	ANISINDIONE	Approved	Anticoagulants	5.220379855888553
KCNC1	NERISPIRDINE	Not Approved	""	0.1740126618629517
KCNC1	DALFAMPRIDINE	Approved	MS-treatment	0.1812631894405747
KCNC1	AMIFAMPRIDINE PHOSPHATE	Approved	""	0.2122105632475021
KCNC1	TEDISAMIL	Not Approved	""	0.2175158273286897
KCNC1	AMIFAMPRIDINE	Approved	""	0.2071579307892282
KCNC1	GUANIDINE HYDROCHLORIDE	Approved	""	0.2122105632475021
VKORC1	VITAMIN K3	Approved	for reducing EGFR-inhibitor-induced dermatological side effects	0.3600261969578312
VKORC1	PHENINDIONE	Approved	Anticoagulants	6.960506474518071
VKORC1	WARFARIN	Approved	Anticoagulants	0.6327733158652792
VKORC1	DICUMAROL	Approved	Anticoagulants	2.610189927944276
VKORC1	ACENOCOUMAROL	Approved	Anticoagulants	4.176303884710842
VKORC1	PHENPROCOUMON	Approved	Anticoagulants	3.480253237259035
VKORC1	WARFARIN SODIUM	Approved	""	5.220379855888553
VKORC1	WARFARIN POTASSIUM	Approved	""	2.610189927944276
VKORC1	FLUINDIONE	Not Approved	""	15.66113956766565
VKORC1	TECARFARIN	Not Approved	antithrombotic	15.66113956766565
GLUD1	COMPOUND 13B [PMID: 19101153]	Not Approved	""	52.20379855888553
APEX1	METHACYCLINE HYDROCHLORIDE	Approved	""	0.01873790328746788
APEX1	MINOCYCLINE HYDROCHLORIDE	Approved	""	0.0655826615061376
APEX1	TETRAIDOFLUORESCEIN	Not Approved	""	0.02914784955828337
APEX1	CATECHIN	Approved	""	0.02017928046342695
APEX1	ASCORBYL PALMITATE	Not Approved	""	0.1311653230122752
APEX1	MESALAMINE	Approved	for treatment of ulcerative proctitis,for treatment of ulcerative colitis,antiinflammatory agent	0.0119241202738432
APEX1	QUINALIZARIN	Not Approved	""	0.01748870973497002
APEX1	CARUBICIN	Not Approved	""	0.02914784955828337
APEX1	CHRYSOPHANOL	Not Approved	""	0.05246612920491007
APEX1	CANGRELOR	Approved	antithrombotic	0.08744354867485013
APEX1	IDARUBICIN	Approved	Antineoplastic Agents	0.005465221792178133
APEX1	WEDELOLACTONE	Not Approved	""	0.0238482405476864
APEX1	L-CCG-I	Not Approved	""	0.04372177433742506
APEX1	HEMATOXYLIN	Not Approved	""	0.04372177433742506
APEX1	ELLAGIC ACID	Not Approved	""	0.009368951643733943
APEX1	PERSEITOL	Not Approved	""	0.2623306460245504
APEX1	CHEMBL:CHEMBL234338	Not Approved	""	0.01249193552497859
APEX1	MYRICETIN	Not Approved	""	0.006558266150613759
APEX1	HAEMATOXYLIN	Not Approved	""	0.01008964023171347
APEX1	LY367385	Not Approved	""	0.1311653230122752
APEX1	IRIGENOL	Not Approved	""	0.01873790328746788
APEX1	MITOXANTRONE HYDROCHLORIDE	Approved	""	0.0081978326882672
APEX1	BENZOQUINONE	Not Approved	""	0.05246612920491007
APEX1	EMODIC ACID	Not Approved	""	0.02186088716871253
APEX1	CARMINIC ACID	Approved	""	0.0327913307530688
APEX1	DIENOCHLOR	Not Approved	""	0.0655826615061376
APEX1	ENALAPRIL MALEATE	Approved	antihypertensive agent	0.01380687610655528
APEX1	IMIPRAMINE HYDROCHLORIDE	Approved	Tricyclic,Antidepressive Agents	0.01311653230122751
APEX1	TYRPHOSTIN 47	Not Approved	""	0.0163956653765344
APEX1	CHEMBL:CHEMBL484640	Not Approved	""	0.0238482405476864
APEX1	PROTOPORPHYRIN DISODIUM	Not Approved	""	0.0238482405476864
APEX1	ROBINETIN	Not Approved	""	0.08744354867485013
APEX1	CHEMBL:CHEMBL124006	Not Approved	""	0.02186088716871253
APEX1	PYRONIN Y	Not Approved	""	0.01457392477914168
APEX1	SURAMIN	Not Approved	""	0.006903438053277641
APEX1	FISETIN	Not Approved	""	0.02017928046342695
APEX1	HARMINE	Not Approved	""	0.01748870973497002
APEX1	SULOCHRIN	Not Approved	""	0.08744354867485013
APEX1	ISOSPAGLUMIC ACID	Not Approved	""	0.1311653230122752
APEX1	DOXORUBICIN HYDROCHLORIDE	Approved	antineoplastic agent	0.001772504365030746
APEX1	THIOLACTOMYCIN	Not Approved	""	0.05246612920491007
APEX1	QUERCETIN DIHYDRATE	Not Approved	""	0.03747580657493577
APEX1	NOREPINEPHRINE	Approved	Antihypotensive Agents; Vasoconstrictor Agents	0.0081978326882672
APEX1	EICOSATETRANOIC ACID	Not Approved	""	0.0238482405476864
APEX1	OXYTETRACYCLINE ANHYDROUS	Approved	""	0.01311653230122751
APEX1	IRETOL	Not Approved	""	0.08744354867485013
APEX1	OLTIPRAZ	Not Approved	""	0.1311653230122752
APEX1	LUTEOLIN	Not Approved	""	0.0081978326882672
APEX1	SENNOSIDE B	Not Approved	""	0.0163956653765344
APEX1	CHEMBL:CHEMBL1255647	Not Approved	""	0.08744354867485013
APEX1	CHLORANIL	Not Approved	""	0.01748870973497002
APEX1	INDIGO	Approved	""	0.05246612920491007
APEX1	IRIGINOL HEXAACEATATE	Not Approved	""	0.0238482405476864
APEX1	7-NITROINDAZOLE	Not Approved	""	0.03747580657493577
APEX1	VITEXIN	Not Approved	""	0.2623306460245504
APEX1	SLAZINIC ACID	Not Approved	""	0.01249193552497859
APEX1	BAICALEIN	Not Approved	""	0.01049322584098201
APEX1	LEVODOPA	Approved	antiparkinson agent	0.007286962389570844
APEX1	CHEMBL:CHEMBL81782	Not Approved	""	0.02186088716871253
APEX1	R-138727	Not Approved	""	0.2623306460245504
APEX1	TANNIC ACID	Approved	""	0.02623306460245503
APEX1	DACTINOMYCIN	Approved	""	0.007495161314987155
APEX1	CHEMBL:CHEMBL67535	Not Approved	""	0.01380687610655528
APEX1	N-ARACHIDONOYLGLYCINE	Not Approved	""	0.01380687610655528
APEX1	EMODIN	Not Approved	""	0.01008964023171347
APEX1	ARL66096	Not Approved	""	0.2623306460245504
APEX1	2MESAMP	Not Approved	""	0.1311653230122752
APEX1	PYROGALLOL RED	Not Approved	""	0.01049322584098201
APEX1	3-METHOXYCATECHOL	Not Approved	""	0.02623306460245503
APEX1	CARBOPLATIN	Approved	""	0.003050356349122679
APEX1	PROPAZINE	Not Approved	""	0.1311653230122752
APEX1	DAUNORUBICIN LIPOSOMAL	Approved	antineoplastic agent	0.002882754351918136
APEX1	PURPUROGALLIN	Not Approved	""	0.007286962389570844
APEX1	CHEMBL:CHEMBL175266	Not Approved	""	0.01873790328746788
APEX1	SB 216763	Not Approved	""	0.01748870973497002
APEX1	BENSERAZIDE HYDROCHLORIDE	Not Approved	""	0.0163956653765344
APEX1	ERYTHROSINE	Approved	""	0.02914784955828337
APEX1	6-HYDROXYMELATONIN	Not Approved	""	0.04372177433742506
APEX1	FUMARPROTOCETRARIC ACID	Not Approved	""	0.02186088716871253
APEX1	ROSMARINIC ACID	Not Approved	""	0.0327913307530688
APEX1	ADP&BETA;S	Not Approved	""	0.0655826615061376
APEX1	2MESADP	Not Approved	""	0.08744354867485013
APEX1	GOSSYPOL	Not Approved	""	0.005465221792178133
APEX1	PROPANTHELINE BROMIDE	Approved	""	0.05246612920491007
APEX1	HUMAN CHORIONIC GONADOTROPIN	Approved	""	0.02761375221311056
APEX1	CYCLOBENZAPRINE	Approved	Tricyclic,Antidepressive Agents	0.02914784955828337
APEX1	CHEMBL:CHEMBL598477	Not Approved	""	0.05246612920491007
APEX1	TICAGRELOR	Approved	antithrombotic	0.02914784955828337
APEX1	INDAPAMIDE	Approved	Antihypertensive Agents; Diuretics	0.05246612920491007
APEX1	INS49266	Not Approved	""	0.2623306460245504
APEX1	CHEMBL:CHEMBL244707	Not Approved	""	0.0238482405476864
APEX1	COMPOUND 58L [PMID: 30843696]	Not Approved	""	0.2623306460245504
APEX1	CHEMBL:CHEMBL1305393	Not Approved	""	0.05246612920491007
APEX1	EQUILIN	Not Approved	""	0.0655826615061376
APEX1	CHEMBL:CHEMBL56393	Not Approved	""	0.009368951643733943
APEX1	METHANESULFONIC ACID METHYL ESTER	Not Approved	""	0.2623306460245504
APEX1	ISOKAEMPFERIDE	Not Approved	""	0.0238482405476864
APEX1	RHEIN	Not Approved	""	0.0119241202738432
APEX1	GALLIC ACID METHYL ESTER	Not Approved	""	0.04372177433742506
APEX1	METHOTREXATE	Approved	DMARD	0.00238482405476864
APEX1	REGRELOR	Not Approved	antithrombotic	0.1311653230122752
APEX1	POTASSIUM DICHROMATE	Not Approved	""	0.05246612920491007
APEX1	APX-3330	Not Approved	""	0.5246612920491008
APEX1	CEFAMANDOLE SODIUM	Not Approved	""	0.01873790328746788
APEX1	TRANSPLATIN	Not Approved	""	0.03747580657493577
APEX1	HOMIDIUM BROMIDE	Not Approved	""	0.009045884345674151
APEX1	AMPICILLIN TRIHYDRATE	Approved	""	0.08744354867485013
APEX1	CEFIXIME ANHYDROUS	Approved	""	0.0238482405476864
APEX1	PROPIDIUM	Not Approved	""	0.1311653230122752
APEX1	CISPLATIN	Approved	""	0.005353686653562253
APEX1	JP1302	Not Approved	""	0.02914784955828337
APEX1	AR-C67085	Not Approved	""	0.1311653230122752
APEX1	CHEMBL:CHEMBL179611	Not Approved	""	0.0327913307530688
APEX1	COMPOUND 20O [PMID: 22984835]	Not Approved	""	0.2623306460245504
APEX1	HYPERICIN	Not Approved	""	0.02017928046342695
APEX1	ADP	Not Approved	""	0.03747580657493577
APEX1	CHEMBL:CHEMBL1451216	Not Approved	""	0.01543121447203237
APEX1	CEPHAPIRIN SODIUM	Approved	""	0.02017928046342695
APEX1	GOSSYPETIN	Not Approved	""	0.02623306460245503
APEX1	CARMINE	Not Approved	""	0.02186088716871253
APEX1	ALTENUSIN	Not Approved	""	0.02623306460245503
APEX1	QUINACRINE DIHYDROCHLORIDE	Not Approved	""	0.02186088716871253
APEX1	CHEMBL:CHEMBL1256813	Not Approved	""	0.0238482405476864
APEX1	NBQX	Not Approved	""	0.0163956653765344
APEX1	CHEMBL:CHEMBL578741	Not Approved	""	0.01249193552497859
APEX1	PROTOPORPHYRIN	Not Approved	""	0.01049322584098201
APEX1	ERBSTATIN	Not Approved	""	0.01873790328746788
APEX1	OXIDOPAMINE	Not Approved	""	0.01311653230122751
APEX1	HISPIDIN	Not Approved	""	0.02914784955828337
APEX1	CHEMBL:CHEMBL599013	Not Approved	""	0.01873790328746788
APEX1	SHIKONIN	Not Approved	""	0.02623306460245503
APEX1	LEVONORDEFRIN	Approved	""	0.0238482405476864
APEX1	(+/-)-ERIODICTYOL	Not Approved	""	0.02186088716871253
APEX1	CHEMBL:CHEMBL136344	Not Approved	""	0.03747580657493577
APEX1	AURINTRICARBOXYLIC ACID	Not Approved	""	0.008462278904017755
APEX1	CHEMBL:CHEMBL515252	Not Approved	""	0.01873790328746788
APEX1	RECOMBINANT 70-KD HEAT-SHOCK PROTEIN	Not Approved	""	0.05246612920491007
APEX1	PURPURIN	Not Approved	""	0.01249193552497859
APEX1	CONGO RED	Not Approved	""	0.01748870973497002
APEX1	AP4A	Not Approved	""	0.08744354867485013
APEX1	CHEMBL:CHEMBL533293	Not Approved	""	0.0238482405476864
APEX1	CEFOTAXIME SODIUM	Approved	""	0.01748870973497002
APEX1	SENNOSIDE A	Not Approved	""	0.2623306460245504
APEX1	CHEMBL:CHEMBL19954	Not Approved	""	0.01457392477914168
APEX1	KOPARIN	Not Approved	""	0.02623306460245503
APEX1	DEPHOSTATIN	Not Approved	""	0.01049322584098201
APEX1	AMPICILLIN (ANHYDROUS)	Approved	""	0.0238482405476864
APEX1	HYCANTHONE	Not Approved	""	0.01380687610655528
APEX1	EPIGALLOCATECHIN-3-GALLATE	Not Approved	""	0.01457392477914168
APEX1	SURAMIN HEXASODIUM	Not Approved	""	0.02186088716871253
APEX1	MORIN	Not Approved	""	0.01380687610655528
APEX1	ROSE BENGAL	Not Approved	""	0.03747580657493577
APEX1	COMPOUND 4 [PMID: 23083103]	Not Approved	""	0.2623306460245504
APEX1	CLOPIDOGREL (ACTIVE METABOLITE)	Not Approved	""	0.2623306460245504
APEX1	EUFLAVINE	Not Approved	""	0.0163956653765344
APEX1	COMPOUND 4 [PMID: 22984835]	Not Approved	""	0.2623306460245504
APEX1	DCMU	Not Approved	""	0.2623306460245504
APEX1	IOFETAMINE HYDROCHLORIDE	Not Approved	""	0.1311653230122752
APEX1	ELLIPTECINE	Not Approved	""	0.0081978326882672
APEX1	JUGLONE	Not Approved	""	0.01311653230122751
APEX1	CHEMBL:CHEMBL166486	Not Approved	""	0.0327913307530688
APEX1	3,4-DIHYDROXYPHENYLACETIC ACID	Not Approved	""	0.05246612920491007
APEX1	MUNDULONE ACETATE	Not Approved	""	0.08744354867485013
APEX1	CADMIUM ACETATE	Not Approved	""	0.0327913307530688
APEX1	ASTERRIC ACID	Not Approved	""	0.01457392477914168
APEX1	CHEMBL:CHEMBL1601846	Not Approved	""	0.01140568026193697
APEX1	L-NOREPINEPHRINE	Not Approved	""	0.0327913307530688
APEX1	DEXPROPRANOLOL HYDROCHLORIDE	Not Approved	""	0.1311653230122752
APEX1	BX 048	Not Approved	""	0.2623306460245504
APEX1	PYROGALLOL	Approved	""	0.01748870973497002
APEX1	METHYL 7-DESHYDROXYPYROGALLIN-4-CARBOXYLATE	Not Approved	""	0.02914784955828337
APEX1	CADMIUM DICHLORIDE	Not Approved	""	0.0238482405476864
APEX1	STICTIC ACID	Not Approved	""	0.01457392477914168
APEX1	DAUNORUBICIN HYDROCHLORIDE	Approved	""	0.007949413515895466
APEX1	NORDEFRIN	Not Approved	""	0.05246612920491007
APEX1	DOPAMINE	Approved	""	0.009045884345674151
APEX1	QUERCETIN	Approved	""	0.003320641088918359
APEX1	AZD1283	Not Approved	""	0.2623306460245504
APEX1	METHYLDOPA ANHYDROUS	Approved	Antihypertensive Agents	0.008462278904017755
APEX1	CATECHOL	Not Approved	""	0.0119241202738432
APEX1	EUPAFOLIN	Not Approved	""	0.0163956653765344
APEX1	TETROQUINONE	Not Approved	""	0.03747580657493577
APEX1	FLUORESCEIN	Approved	""	0.03747580657493577
APEX1	APIGENIN	Approved	""	0.01008964023171347
APEX1	FLUOROURACIL	Approved	""	0.004522942172837076
APEX1	METHYLDOPA (RACEMIC)	Not Approved	""	0.02186088716871253
APEX1	[3H]PSB-0413	Not Approved	""	0.2623306460245504
APEX1	EUFLAVINE	Not Approved	""	0.2623306460245504
APEX1	EPINEPHRINE	Approved	anestethic	0.006558266150613759
APEX1	NIMESULIDE	Not Approved	""	0.01873790328746788
APEX1	CHEMBL:CHEMBL211670	Not Approved	""	0.02017928046342695
APEX1	BX 667	Not Approved	""	0.2623306460245504
APEX1	PCMBS	Not Approved	""	0.1311653230122752
APEX1	CEPHALORIDINE	Not Approved	""	0.2623306460245504
APEX1	LIPOIC ACID, ALPHA	Not Approved	""	0.01748870973497002
APEX1	AVOBENZONE	Approved	""	0.0655826615061376
APEX1	PSB-0739	Not Approved	""	0.2623306460245504
APEX1	DAPHNETIN	Not Approved	""	0.02914784955828337
APEX1	OXIDOPAMINE HYDROCHLORIDE	Not Approved	""	0.01543121447203237
ARF5	SKA-31	Not Approved	""	0.6525474819860692
ARF5	NS309	Not Approved	""	0.6525474819860692
ARF5	TROPICAMIDE	Approved	Diagnostic Agents; Mydriatics,Skeletal,Muscle Relaxants	0.2372899934494797
ARF5	RILUZOLE	Approved	for treatment of ALS	0.1134865186062729
ARF5	LEI-DAB7	Not Approved	""	0.8700633093147588
ARF5	CA2+	Not Approved	""	0.06525474819860691
ARF5	UCL1848	Not Approved	""	1.305094963972138
ARF5	EBIO	Not Approved	""	0.6525474819860692
ARF5	TETRAMETHYLAMMONIUM	Not Approved	""	0.1450105515524598
ARF5	B-TPMF	Not Approved	""	2.610189927944276
ARF5	GW542573X	Not Approved	""	2.610189927944276
ARF5	SKA-20	Not Approved	""	2.610189927944276
ARF5	DEQUALINIUM	Approved	""	0.1631368704965173
ARF5	APAMIN	Not Approved	""	0.8700633093147588
ARF5	UCL1684	Not Approved	""	0.8700633093147588
ARF5	LEIUROTOXIN I	Not Approved	""	0.8700633093147588
ARF5	TAMAPIN	Not Approved	""	2.610189927944276
ARF5	BICUCULLINE	Not Approved	""	0.372884275420611
ARF5	CM-TPMF	Not Approved	""	2.610189927944276
ARF5	NS8593	Not Approved	""	0.8700633093147588
TERT	TELOMESTATIN	Not Approved	""	2.983074203364887
TERT	RECOMBINANT VASCULAR ENDOTHELIAL GROWTH FACTOR	Not Approved	""	0.2130767288117777
TERT	ISOBONDUCELLIN	Not Approved	""	2.983074203364887
TERT	IMETELSTAT	Approved	antineoplastic agent	2.983074203364887
TERT	CHEMBL:CHEMBL481161	Not Approved	""	2.983074203364887
TERT	TERTOMOTIDE	Not Approved	antineoplastic agent	2.983074203364887
TERT	CHEMBL:CHEMBL190474	Not Approved	""	2.983074203364887
TERT	ERIBULIN MESYLATE	Approved	""	0.4971790338941478
TERT	CHEMBL:CHEMBL608862	Not Approved	""	2.983074203364887
TERT	CHEMBL:CHEMBL520095	Not Approved	""	2.983074203364887
TERT	9,10-PHENANTHRENEQUINONE	Not Approved	""	0.1147336232063418
TERT	ARSENIC TRIOXIDE	Approved	antineoplastic agent	0.1147336232063418
TERT	RALOXIFENE HYDROCHLORIDE	Approved	Hormone Replacement Agents	0.05966148406729774
TERT	CHEMBL:CHEMBL2336666	Not Approved	""	2.983074203364887
TERT	IODINE I-131	Approved	""	1.491537101682443
TERT	EPITALON	Not Approved	""	1.491537101682443
TERT	CHEMBL:CHEMBL89250	Not Approved	""	2.983074203364887
TERT	CHEMBL:CHEMBL144757	Not Approved	""	2.983074203364887
TERT	CHEMBL:CHEMBL17442	Not Approved	""	2.983074203364887
TERT	HTERT VACCINE V934/V935	Not Approved	antineoplastic agent	0.4971790338941478
TERT	HTERT-LAMP MRNA-LOADED AUTOLOGOUS DENDRITIC CELL VACCINE GRNVAC1	Not Approved	""	1.491537101682443
TERT	CHEMBL:CHEMBL89977	Not Approved	""	2.983074203364887
TERT	CHEMBL:CHEMBL1254091	Not Approved	""	2.983074203364887
TERT	BERBERINE	Not Approved	""	0.2983074203364887
TERT	DENDRITIC CELL VACCINE	Not Approved	""	0.7457685508412218
TERT	IMETELSTAT SODIUM	Approved	""	1.491537101682443
TERT	BDNF	Not Approved	""	0.4971790338941478
TERT	CHEMBL:CHEMBL481160	Not Approved	""	2.983074203364887
TERT	SURATADENOTUREV	Not Approved	""	1.491537101682443
TERT	ANTISENSE OLIGONUCLEOTIDES	Not Approved	""	0.09039618798075416
TERT	CHEMBL:CHEMBL91163	Not Approved	""	2.983074203364887
TERT	OMACETAXINE MEPESUCCINATE	Approved	antineoplastic agent	0.5966148406729774
TERT	HLA-A*0201 RESTRICTED TERT(572Y)/TERT(572) PEPTIDES VACCINE VX-001	Not Approved	""	1.491537101682443
TERT	CHEMBL:CHEMBL457246	Not Approved	""	2.983074203364887
TERT	SODIUM METAARSENITE	Not Approved	""	2.983074203364887
SLC13A5	BI01383298	Not Approved	""	10.4407597117771
SLC13A5	PF-06761281	Not Approved	""	10.4407597117771
SLC13A5	COMPOUND 7 [PMID: 37428122]	Not Approved	""	10.4407597117771
SLC13A5	ETG-5773	Not Approved	""	10.4407597117771
SLC13A5	PF-06649298	Not Approved	""	10.4407597117771
ADRA1D	PRAZOSIN	Approved	Antihypertensive Agents; antispasmodics	0.1606270724888785
ADRA1D	EPINEPHRINE	Approved	anestethic	0.06023515218332945
ADRA1D	MODAFINIL	Approved	central nervous system stimulant	0.1784745249876428
ADRA1D	ISOPROTERENOL	Approved	Bronchodilator Agents; Cardiotonic Agents	0.02509798007638727
ADRA1D	MOXISYLYTE	Approved	""	0.2294672464126836
ADRA1D	METHOXAMINE	Approved	Antihypotensive Agents; Vasoconstrictor Agents	0.1338558937407321
ADRA1D	TERAZOSIN	Approved	Antineoplastic Agents; antihypertensive agents	0.1853389297948598
ADRA1D	TOLAZOLINE HYDROCHLORIDE	Approved	""	0.08923726249382141
ADRA1D	PROPIOMAZINE	Approved	Hypnotics and Sedatives	0.1147336232063418
ADRA1D	TETRAHYDROZOLINE HYDROCHLORIDE	Approved	""	0.1147336232063418
ADRA1D	RAUWOLFIA SERPENTINA (USP)	Approved	Antipsychotic Agents; Antihypertensive Agents	0.1003919203055491
ADRA1D	DAPIPRAZOLE	Approved	ophthalmological agent	0.3212541449777571
ADRA1D	ALFUZOSIN	Approved	for treatment of benign prostatic hyperplasia	0.2677117874814642
ADRA1D	PHENYLEPHRINE	Approved	for treatment of incontinence	0.1003919203055491
ADRA1D	CARVEDILOL	Approved	cardiovascular agent,for treatment of congestive heart failure	0.0617796432649533
ADRA1D	BETHANIDINE	Approved	Antihypertensive Agents	0.2007838406110982
ADRA1D	TERAZOSIN HYDROCHLORIDE	Approved	""	0.1338558937407321
ADRA1D	DROXIDOPA	Approved	""	0.08031353624443928
ADRA1D	LABETALOL	Approved	Antihypertensive Agents	0.0446186312469107
ADRA1D	MEPHENTERMINE SULFATE	Approved	""	0.08923726249382141
ADRA1D	OXYMETAZOLINE HYDROCHLORIDE	Approved	analgesic	0.04015676812221964
ADRA1D	AJMALICINE	Approved	""	0.0617796432649533
ADRA1D	PROMAZINE	Approved	Antiemetics; Antipsychotic Agents	0.08454056446783081
ADRA1D	EPHEDRINE HYDROCHLORIDE	Approved	""	0.08923726249382141
ADRA1D	METARAMINOL BITARTRATE	Approved	""	0.2677117874814642
ADRA1D	SERTINDOLE	Approved	antipsychotic agent	0.1147336232063418
ADRA1D	DOPAMINE	Approved	""	0.02769432284291009
ADRA1D	XYLOMETAZOLINE	Approved	""	0.08031353624443928
ADRA1D	PERICIAZINE	Not Approved	Antipsychotic Agents	0.3212541449777571
ADRA1D	ERGOTAMINE	Approved	Anti-migraine Agents	0.07301230567676298
ADRA1D	EPHEDRINE	Approved	Central Nervous System Stimulants	0.04724325661437605
ADRA1D	NOREPINEPHRINE	Approved	Antihypotensive Agents; Vasoconstrictor Agents	0.07529394022916182
ADRA1D	METHOTRIMEPRAZINE	Approved	Antipsychotic Agents	0.1147336232063418
ADRA1D	DIPIVEFRIN HYDROCHLORIDE	Approved	""	0.08923726249382141
ADRA1D	PHENOXYBENZAMINE HYDROCHLORIDE	Approved	""	0.08031353624443928
ADRA1D	BUNAZOSIN	Not Approved	""	0.5354235749629285
ADRA1D	NAFTOPIDIL	Approved	""	0.1338558937407321
ADRA1D	EPINEPHRINE BITARTRATE	Approved	""	0.04724325661437605
ADRA1D	MIDODRINE	Approved	Antihypotensive Agents; Vasoconstrictor Agents	0.2007838406110982
ADRA1D	METHOXAMINE HYDROCHLORIDE	Approved	""	0.2677117874814642
ADRA1D	NOREPINEPHRINE BITARTRATE	Approved	""	0.08923726249382141
ADRA1D	DEBRISOQUIN	Approved	Antihypertensive Agents	0.2294672464126836
ADRA1D	PHENYLEPHRINE HYDROCHLORIDE	Approved	""	0.2007838406110982
ADRA1D	PHENTOLAMINE MESYLATE	Approved	""	0.08923726249382141
ADRA1D	METOPROLOL SUCCINATE	Approved	""	0.8031353624443928
ADRA1D	VASOACTIVE INTESTINAL PEPTIDE	Approved	for treatment of erectile dysfunction	0.1003919203055491
ADRA1D	TRIMIPRAMINE MALEATE	Approved	""	0.1003919203055491
ADRA1D	BUCINDOLOL HYDROCHLORIDE	Not Approved	for treatment of heart failure	0.1147336232063418
ADRA1D	PAPAVERINE	Approved	Antispasmodics; Anti-impotence Agents; Vasodilator Agents	0.08923726249382141
ADRA1D	MEDETOMIDINE	Not Approved	""	0.1338558937407321
ADRA1D	PRAZOSIN HYDROCHLORIDE	Approved	""	0.08031353624443928
ADRA1D	ALFUZOSIN HYDROCHLORIDE	Approved	""	0.2007838406110982
ADRA1D	CYPROTERONE ACETATE	Approved	""	0.2294672464126836
ADRA1D	ERGOTAMINE TARTRATE	Approved	""	0.1147336232063418
ADRA1D	LABETALOL HYDROCHLORIDE	Approved	""	0.08031353624443928
ADRA1D	DOXAZOSIN MESYLATE	Approved	Anticholesteremic Agents; Antihypertensive Agents; Vasodilator Agents	0.2677117874814642
ADRA1D	NAPHAZOLINE HYDROCHLORIDE	Approved	""	0.1147336232063418
ADRA1D	ERGOLOID MESYLATES, USP	Approved	Nootropic Agents; Vasodilator Agents	0.0617796432649533
ADRA1D	PHENYLEPHRINE BITARTRATE	Approved	""	0.2677117874814642
ADRA1D	ISOXSUPRINE HYDROCHLORIDE	Approved	""	0.2007838406110982
ADRA1D	TRIMAZOSIN	Not Approved	""	0.8031353624443928
ADRA1D	HYDROXYAMPHETAMINE HYDROBROMIDE	Approved	""	0.08031353624443928
ADRA1D	URAPIDIL	Not Approved	""	0.1338558937407321
ADRA1D	TAMSULOSIN HYDROCHLORIDE	Approved	for treatment of urinary symptoms associated with BPH,for treatment of benign prostatic hyperplasia	0.2677117874814642
ADRA1D	SENREBOTASE	Not Approved	neuralgia,analgesic	0.1338558937407321
PADI4	CHEMBL:CHEMBL1910971	Not Approved	""	6.525474819860691
PADI4	STREPTONIGRIN	Not Approved	""	1.305094963972138
PADI4	URIC ACID	Not Approved	""	8.700633093147589
PADI4	O-F-AMIDINE	Not Approved	""	4.350316546573794
CPB1	FADROZOLE	Not Approved	""	1.631368704965172
CPB1	OSILODROSTAT	Approved	""	4.350316546573794
CPB1	BAXDROSTAT	Not Approved	""	13.05094963972138
CPB1	METYRAPONE	Approved	Diagnostic Agents	2.610189927944276
CSN2	GNF362	Not Approved	""	17.40126618629517
COX6A1	VERAPAMIL	Approved	antihypertensive agent	0.1160084412419678
COX6A1	BMS-536924	Not Approved	""	1.305094963972138
COX6A1	EFAVIRENZ	Approved	""	0.2610189927944276
COX6A1	COMPOUND 1A [PMID: 18573659]	Not Approved	""	2.610189927944276
COX6A1	VOXELOTOR	Approved	""	0.8700633093147588
COX6A1	KETOCONAZOLE	Approved	""	0.2372899934494797
COX6A1	AMG-337	Not Approved	""	2.610189927944276
COX6A1	RITONAVIR	Approved	""	0.1933474020699464
COX6A1	TROLEANDOMYCIN	Approved	""	0.745768550841222
COX6A1	NEFAZODONE	Approved	Second-Generation,Antidepressive Agents	0.372884275420611
PTPN1	DITHIOLETHIONE	Not Approved	""	0.6960506474518071
PTPN1	GLISOFLAVONE	Not Approved	""	4.176303884710843
PTPN1	FLUORESCEIN DIPHOSPHATE	Not Approved	""	4.176303884710843
PTPN1	LICOAGRONE	Not Approved	""	4.176303884710843
PTPN1	OLEANOLIC ACID	Not Approved	""	0.8352607769421685
PTPN1	URSOLIC ACID	Not Approved	""	0.3480253237259035
PTPN1	TILUDRONIC ACID	Approved	Bisphosphonates	1.392101294903614
PTPN1	LIPIDYL PSEUDOPTERANE A	Not Approved	""	4.176303884710843
PTPN1	LOBARIC ACID	Not Approved	""	0.2784202589807228
PTPN1	1,2-DIHYDROXYNAPHTHALENE	Not Approved	""	2.088151942355421
PTPN1	ALLYL ISOTHIOCYANATE	Not Approved	""	1.04407597117771
PTPN1	LICOAGRODIN	Not Approved	""	4.176303884710843
PTPN1	MORONIC ACID	Not Approved	""	2.088151942355421
PTPN1	TRODUSQUEMINE	Not Approved	antiobesity agent	2.088151942355421
PTPN1	ISOBAVACHALCONE	Not Approved	""	4.176303884710843
PTPN1	MOROLIC ACID	Not Approved	""	4.176303884710843
PTPN1	OLTIPRAZ	Not Approved	""	1.04407597117771
PTPN1	ANETHOLE TRITHIONE	Not Approved	""	1.04407597117771
PTPN1	CHEMBL:CHEMBL1162414	Not Approved	""	4.176303884710843
PTPN1	CHEMBL:CHEMBL458855	Not Approved	""	4.176303884710843
PTPN1	ALDISIN	Not Approved	""	4.176303884710843
PTPN1	ISIS 113715	Not Approved	antidiabetic	2.088151942355421
PTPN1	LIPIDYL PSEUDOPTERANE D	Not Approved	""	4.176303884710843
PTPN1	CHEMBL:CHEMBL2207339	Not Approved	""	4.176303884710843
PTPN1	INSULIN, REGULAR, HUMAN	Approved	for treatment of diabetic foot ulcers,antidiabetic	0.07879818650397817
AKR1A1	DUBORIMYCIN	Not Approved	""	52.20379855888553
AKR1A1	CYCLOSERINE	Approved	""	6.525474819860691
SGPL1	LX2931	Not Approved	""	26.10189927944276
SLC12A3	HYDROCHLOROTHIAZIDE	Approved	antihypertensive agent	0.1891441976771215
SLC12A3	CHLOROTHIAZIDE SODIUM	Approved	""	2.900211031049196
SLC12A3	POLYTHIAZIDE	Approved	Antihypertensive Agents; Diuretics	11.60084412419678
SLC12A3	QUINETHAZONE	Approved	Antihypertensive Agents; Diuretics	8.700633093147589
SLC12A3	METOLAZONE	Approved	Antihypertensive Agents; Diuretics	2.900211031049196
SLC12A3	CHLOROTHIAZIDE	Approved	Antihypertensive Agents; Diuretics	1.24294758473537
SLC12A3	FUROSEMIDE	Approved	Antihypertensive Agents; Diuretics	0.483368505174866
SLC12A3	BENDROFLUMETHIAZIDE	Approved	Antihypertensive Agents; Diuretics	5.800422062098392
SLC12A3	DIAZOXIDE	Approved	Antihypertensive Agents; Vasodilator Agents	0.4461863124691071
SLC12A3	METHYCLOTHIAZIDE	Approved	Antihypertensive Agents; Diuretics	0.9667370103497321
SLC12A3	CHLORTHALIDONE	Approved	Antihypertensive Agents; Diuretics	0.3222456701165773
SLC12A3	INDAPAMIDE	Approved	Antihypertensive Agents; Diuretics	0.5800422062098393
SLC12A3	TRICHLORMETHIAZIDE	Approved	Antihypertensive Agents; Diuretics	0.483368505174866
SLC12A3	CYCLOTHIAZIDE	Approved	Antihypertensive Agents; Diuretics	0.3222456701165773
SLC12A3	HYDROFLUMETHIAZIDE	Approved	Antihypertensive Agents; Diuretics	0.9667370103497321
SLC12A3	TORSEMIDE	Approved	Antihypertensive Agents; Diuretics	0.725052757762299
SLC12A3	BUMETANIDE	Approved	Antihypertensive Agents; Diuretics	0.483368505174866
SLC12A3	BENZTHIAZIDE	Approved	Antihypertensive Agents; Diuretics	2.175158273286897
OR2B11	AXITINIB	Approved	antineoplastic agent	4.971790338941479
RAD50	IRINOTECAN HYDROCHLORIDE	Approved	antineoplastic agent	0.8286317231569131
RAD50	CHECKPOINT KINASE INHIBITOR AZD7762	Not Approved	""	26.10189927944276
GABBR2	LESOGABERAN	Not Approved	for treatment of gastrointestinal reflux disease	3.866948041398928
GABBR2	BACLOFEN	Approved	for treatment of alcohol dependance	1.740126618629517
GABBR2	CALCIUM OXYBATE	Approved	""	2.900211031049196
GABBR2	ARBACLOFEN	Not Approved	symptomatic treatment for fragile X syndrome	2.900211031049196
GABBR2	MAGNESIUM OXYBATE	Approved	""	2.900211031049196
GABBR2	POTASSIUM OXYBATE	Approved	""	2.900211031049196
GABBR2	ARBACLOFEN PLACARBIL	Not Approved	""	1.933474020699464
GABBR2	SODIUM OXYBATE	Approved	""	1.933474020699464
GABBR2	SGS-742	Not Approved	""	2.900211031049196
AQP1	THERAPEUTIC GLUCOCORTICOID	Not Approved	""	0.08081083368248534
AQP1	SRIF-28	Not Approved	""	0.1717230215752813
AQP1	CORTISTATIN-14	Not Approved	""	0.2289640287670418
AQP1	THERAPEUTIC ANDROGEN	Not Approved	""	0.1616216673649707
AQP1	DIMETHYL SULFOXIDE	Approved	""	0.1717230215752813
AQP1	BIM 23454	Not Approved	""	0.2747568345204502
AQP1	[125I]LTT-SRIF-28	Not Approved	""	0.2747568345204502
AQP1	VELDOREOTIDE	Not Approved	hormone replacement	0.1962548818003215
AQP1	H-C[CYS-PHE-LAGL(N&BETA;ME,BENZOYL)-TRP-LYS-THR-PHE-CYS]-OH	Not Approved	""	1.37378417260225
AQP1	BIM 23052	Not Approved	""	0.2747568345204502
AQP1	BIM 23068	Not Approved	""	0.4579280575340836
AQP1	L-803,087	Not Approved	""	1.37378417260225
AQP1	[125I]TYR11-SRIF-14	Not Approved	""	0.6868920863011254
AQP1	H-C[CYS-PHE-LAGL(N&BETA;ME,BENZOYL)-DTRP-LYS-THR-PHE-CYS]-OH	Not Approved	""	1.37378417260225
AQP1	ASCORBIC ACID	Approved	""	0.05283785279239426
AQP1	CARBONIC ANHYDRASE INHIBITOR	Not Approved	""	2.747568345204501
AQP1	CGP 23996	Not Approved	""	0.2747568345204502
AQP1	ANALOG 32 [PMID:18543899]	Not Approved	""	0.6868920863011254
AQP1	REMLARSEN	Not Approved	""	0.6868920863011254
AQP1	NNC269100	Not Approved	""	1.37378417260225
AQP1	[D-TYR8]CYN 154806	Not Approved	""	0.2747568345204502
AQP1	[125I]CGP 23996	Not Approved	""	0.2747568345204502
AQP1	&BETA;3-TETRAPEPTIDE	Not Approved	""	1.37378417260225
AQP1	KE 108	Not Approved	""	0.2747568345204502
AQP1	BIM 23627	Not Approved	""	0.2747568345204502
AQP1	DES-AA5-[D-TRP8]SRIF	Not Approved	""	0.3434460431505627
AQP1	COLLAGENASE CLOSTRIDIUM HISTOLYTICUM	Approved	for treatment of Dupuytren's contracture	0.04906372045008039
AQP1	L-362,855	Not Approved	""	0.2747568345204502
AQP1	ACETAZOLAMIDE	Approved	Anticonvulsants; Diuretics; antiglaucomic agent	0.1962548818003215
AQP1	PRL-2915	Not Approved	""	0.4579280575340836
AQP1	CST-17	Not Approved	""	0.2747568345204502
AQP1	H-C[DCYS-PHE-LAGL(N&BETA;ME,BENZOYL)-DTRP-LYS-THR-PHE-CYS]-OH	Not Approved	""	1.37378417260225
AQP1	GLYBURIDE	Approved	Hypoglycemic Agents,antidiabetic	0.09474373604153453
AQP1	BIM 23295	Not Approved	""	1.37378417260225
AQP1	[L-TYR8]CYN 154806	Not Approved	""	0.2747568345204502
AQP1	SRIF-14	Not Approved	""	0.2747568345204502
AQP1	[125I]TYR10-CST14	Not Approved	""	0.2747568345204502
AQP1	J-2156	Not Approved	""	1.37378417260225
AANAT	ISOPROTERENOL	Approved	Bronchodilator Agents; Cardiotonic Agents	0.0370765614764812
AANAT	OTENZEPAD	Not Approved	""	0.1186449967247398
AANAT	MUSCARINIC TOXIN 7	Not Approved	""	0.1186449967247398
AANAT	WIN 51,708	Not Approved	""	0.1483062459059248
AANAT	[3H]IPEROXO	Not Approved	""	0.1186449967247398
AANAT	ACLIDINIUM	Approved	bronchodilator	0.05932249836236992
AANAT	XANOMELINE	Approved	""	0.03489558727198231
AANAT	ARECAIDINE PROPARGYL ESTER	Not Approved	""	0.1483062459059248
AANAT	TIOTROPIUM	Approved	for treatment of chronic obstructive pulmonary disorder (COPD),for treatment of cystic fibrosis	0.05932249836236992
AANAT	N-BENZYL BRUCINE	Not Approved	""	0.1186449967247398
AANAT	[3H]ACETYLCHOLINE	Not Approved	""	0.1186449967247398
AANAT	METHOCTRAMINE	Not Approved	""	0.09887083060394987
AANAT	SILAHEXOCYCLIUM	Not Approved	""	0.1483062459059248
AANAT	BETHANECHOL	Approved	Parasympathomimetics	0.08474642623195704
AANAT	AQ-RA 741	Not Approved	""	0.1186449967247398
AANAT	ACETYLCHOLINE	Approved	""	0.09887083060394987
AANAT	MEPENZOLATE	Approved	Antispasmodics	0.09887083060394987
AANAT	ARECOLINE	Not Approved	""	0.1186449967247398
AANAT	OXOTREMORINE	Not Approved	""	0.08474642623195704
AANAT	PIRENZEPINE	Approved	anticholinergic; Antispasmodics,GI Anti-Ulcer Agents	0.05932249836236992
AANAT	ANTIDEPRESSANT AGENT	Not Approved	""	0.02281634552398843
AANAT	HEXAHYDROSILADIFENIDOL	Not Approved	""	0.1186449967247398
AANAT	METHSCOPOLAMINE BROMIDE	Approved	""	0.1483062459059248
AANAT	VU0255035	Not Approved	""	0.1186449967247398
AANAT	HEXOCYCLIUM	Not Approved	""	0.1483062459059248
AANAT	CARBAMOYLCHOLINE	Approved	Antiglaucomic Agents	0.05932249836236992
AANAT	NNC 11-1607	Not Approved	""	0.1186449967247398
AANAT	METHYLFURMETHIDE	Not Approved	""	0.1186449967247398
AANAT	NNC 11-1314	Not Approved	""	0.1186449967247398
AANAT	UH-AH 37	Not Approved	""	0.1483062459059248
AANAT	VINCAMINE	Approved	""	0.1186449967247398
AANAT	SOLIFENACIN	Approved	for treatment of incontinence	0.05932249836236992
AANAT	CHF-6366	Not Approved	""	0.2966124918118496
AANAT	PROPANTHELINE	Approved	anticholinergic; Antispasmodics,GI Anti-Ulcer Agents	0.08474642623195704
AANAT	BRUCINE N-OXIDE	Not Approved	""	0.1186449967247398
AANAT	BRUCINE	Not Approved	""	0.1186449967247398
AANAT	CLIDINIUM	Approved	anticholinergic; Antispasmodics,GI Anti-Ulcer Agents	0.1483062459059248
AANAT	[3H]QNB	Not Approved	""	0.1186449967247398
AANAT	[3H]TIOTROPIUM	Not Approved	""	0.2966124918118496
AANAT	MCN-A-343	Not Approved	""	0.1483062459059248
AANAT	TROPICAMIDE	Approved	Diagnostic Agents; Mydriatics,Skeletal,Muscle Relaxants	0.05392954396579084
AANAT	NNC 11-1585	Not Approved	""	0.1186449967247398
AANAT	SABCOMELINE	Not Approved	""	0.1483062459059248
AANAT	PENTYLTHIO-TZTP	Not Approved	""	0.1483062459059248
AANAT	TRIPITRAMINE	Not Approved	""	0.1186449967247398
AANAT	THERAPEUTIC GLUCOCORTICOID	Not Approved	""	0.03489558727198231
AANAT	P-F-HHSID	Not Approved	""	0.1186449967247398
AANAT	CEVIMELINE	Approved	Parasympathomimetics	0.08474642623195704
AANAT	ALCURONIUM	Not Approved	""	0.1483062459059248
AANAT	ML381	Not Approved	""	0.1186449967247398
AANAT	VU0119498	Not Approved	""	0.1483062459059248
AANAT	[3H]N-METHYL SCOPOLAMINE	Not Approved	""	0.1186449967247398
AANAT	DOTHIEPIN	Approved	""	0.05932249836236992
AANAT	IPEROXO	Not Approved	""	0.1186449967247398
AANAT	AE9C90CB	Not Approved	""	0.1483062459059248
AANAT	FURTRETHONIUM IODIDE	Not Approved	""	0.1483062459059248
AANAT	STRYCHNINE	Not Approved	""	0.04943541530197493
AANAT	VINBURNINE	Not Approved	""	0.1483062459059248
AANAT	SCOPOLAMINE	Approved	Anesthesia; Antispasmodics; Mydriatics,Adjuvants	0.0741531229529624
AANAT	UMECLIDINIUM BROMIDE	Approved	""	0.0741531229529624
AANAT	[3H]4-DAMP	Not Approved	""	0.5932249836236992
AANAT	MILAMELINE	Not Approved	""	0.1483062459059248
AANAT	AFDX384	Not Approved	""	0.1186449967247398
AANAT	FLUOXETINE HYDROCHLORIDE	Approved	for treatment of bipolar disorder,for treatment of autism,antidepressant,for treatment of sleep apnea	0.04237321311597852
AANAT	G&OUML; 7874	Not Approved	""	0.1483062459059248
AANAT	HIMBACINE	Not Approved	""	0.1186449967247398
AANAT	IPRATROPIUM CATION	Approved	for treatment of chronic obstructive pulmonary disorder (COPD)	0.04943541530197493
AANAT	LITHOCHOLYLCHOLINE	Not Approved	""	0.1483062459059248
AANAT	REVEFENACIN	Approved	""	0.09887083060394987
AANAT	MELATONIN	Approved	Hypnotics and Sedatives	0.08182413567223437
AANAT	OXYBUTYNIN	Approved	for treatment of overactive bladder,for treatment of incontinence	0.05392954396579084
AANAT	THIOCHROME	Not Approved	""	0.1483062459059248
AANAT	MUSCARINIC TOXIN 3	Not Approved	""	0.09887083060394987
AANAT	HEXAHYDRODIFENIDOL	Not Approved	""	0.1483062459059248
AANAT	WIN 62,577	Not Approved	""	0.0741531229529624
AANAT	OXOTREMORINE-M	Not Approved	""	0.1483062459059248
AANAT	ACECLIDINE	Not Approved	""	0.05932249836236992
AANAT	(S)-DIMETINDENE	Not Approved	""	0.09887083060394987
AANAT	DARIFENACIN	Approved	for treatment of overactive bladder	0.0741531229529624
AANAT	BIPERIDEN	Approved	Antidyskinetics	0.0741531229529624
AANAT	4-DAMP	Not Approved	""	0.09887083060394987
AANAT	DICYCLOMINE HYDROCHLORIDE	Approved	Antispasmodics	0.05392954396579084
AANAT	ATROPINE	Approved	nerve agent antidote	0.03489558727198231
AANAT	PILOCARPINE HYDROCHLORIDE	Approved	for treatment of incontinence	0.03122236755914206
AANAT	TOLTERODINE	Approved	for treatment of incontinence	0.04943541530197493
AANAT	N-CHLOROMETHYL-BRUCINE	Not Approved	""	0.1186449967247398
AANAT	GLYCOPYRRONIUM	Approved	for treatment of chronic obstructive pulmonary disease (COPD),for treatment of chronic obstructive pulmonary disorder (COPD),antineoplastic agent	0.0741531229529624
AANAT	AMITRIPTYLINE HYDROCHLORIDE	Approved	analgesic	0.01318277741385998
ATXN2	ENCLOMIPHENE	Not Approved	""	0.04227028223391541
ATXN2	METHIOTHEPIN MESYLATE	Not Approved	""	0.03522523519492951
ATXN2	PYRONIN Y	Not Approved	""	0.0117417450649765
ATXN2	THONZONIUM BROMIDE	Approved	""	0.023483490129953
ATXN2	CUDRAFLAVONE B	Not Approved	""	0.1056757055847885
ATXN2	FLUOXETINE HYDROCHLORIDE	Approved	for treatment of bipolar disorder,for treatment of autism,antidepressant,for treatment of sleep apnea	0.007548264684627753
ATXN2	AMSACRINE	Approved	""	0.0140900940779718
ATXN2	CHEMBL:CHEMBL532160	Not Approved	""	0.04227028223391541
ATXN2	ANGUSTIBALIN	Not Approved	""	0.01921376465177973
ATXN2	ISOVELLERAL	Not Approved	""	0.01320946319809856
ATXN2	CHEMBL:CHEMBL1306556	Not Approved	""	0.03522523519492951
ATXN2	CHEMBL:CHEMBL1519374	Not Approved	""	0.01320946319809856
ATXN2	CALCIMYCIN	Not Approved	""	0.01112375848260931
ATXN2	CUCURBITACIN B	Approved	""	0.03522523519492951
ATXN2	CHEMBL:CHEMBL580340	Not Approved	""	0.03522523519492951
ATXN2	GW405833	Not Approved	""	0.02641892639619713
ATXN2	CAMPTOTHECIN	Approved	antineoplastic agent	0.006038611747702201
ATXN2	L-162,313	Not Approved	""	0.023483490129953
ATXN2	CHEMBL:CHEMBL482050	Not Approved	""	0.01761261759746475
ATXN2	GEDUNIN	Not Approved	""	0.03522523519492951
ATXN2	CHEMBL:CHEMBL580819	Not Approved	""	0.04227028223391541
ATXN2	CHEMBL:CHEMBL515505	Not Approved	""	0.009189191789981612
ATXN2	CHEMBL:CHEMBL589715	Not Approved	""	0.05283785279239426
ATXN2	CHEMBL:CHEMBL591834	Not Approved	""	0.03019305873851101
ATXN2	(S)-FLUOXETINE	Not Approved	""	0.023483490129953
ATXN2	XANTHOANGELOL	Not Approved	""	0.1056757055847885
ATXN2	CHEMBL:CHEMBL86464	Not Approved	""	0.01761261759746475
ATXN2	TO-901317	Not Approved	""	0.01320946319809856
ATXN2	LOBARIC ACID	Not Approved	""	0.0140900940779718
ATXN2	TRIFLUOPERAZINE	Approved	Antiemetics; Antipsychotic Agents	0.007045047038985902
ATXN2	CHEMBL:CHEMBL589694	Not Approved	""	0.04227028223391541
ATXN2	CHEMBL:CHEMBL116548	Not Approved	""	0.01761261759746475
ATXN2	CHEMBL:CHEMBL607253	Not Approved	""	0.1056757055847885
ATXN2	SU9516	Not Approved	""	0.01320946319809856
ATXN2	TANSHINONE I	Not Approved	""	0.0211351411169577
ATXN2	CHEMBL:CHEMBL549208	Not Approved	""	0.07045047038985902
ATXN2	ALOXISTATIN	Not Approved	""	0.1056757055847885
ATXN2	CHEMBL:CHEMBL1889303	Not Approved	""	0.05283785279239426
ATXN2	CHEMBL:CHEMBL586937	Not Approved	""	0.03019305873851101
ATXN2	CHEMBL:CHEMBL493863	Not Approved	""	0.01320946319809856
ATXN2	PD173074	Not Approved	""	0.02641892639619713
ATXN2	CHEMBL:CHEMBL586135	Not Approved	""	0.023483490129953
ATXN2	BAY-11-7085	Not Approved	""	0.01761261759746475
ATXN2	PERPHENAZINE	Approved	Antipsychotic Agents	0.008128900429599118
ATXN2	CHEMBL:CHEMBL546493	Not Approved	""	0.04227028223391541
ATXN2	NICLOSAMIDE	Approved	""	0.007827830043317668
ATXN2	GOSSYPOL	Not Approved	""	0.004403154399366189
ATXN2	THAPSIGARGIN	Not Approved	""	0.05283785279239426
ATXN2	LAPACHONE	Not Approved	""	0.008128900429599118
ATXN2	OXYPHENBUTAZONE	Approved	""	0.01625780085919823
ATXN2	ENNIATIN B	Not Approved	""	0.05283785279239426
ATXN2	KAMEBANIN	Not Approved	""	0.02641892639619713
ATXN2	PROADIFEN HYDROCHLORIDE	Not Approved	""	0.05283785279239426
ATXN2	TRIFLUOPERAZINE HYDROCHLORIDE	Approved	""	0.01921376465177973
ATXN2	CHEMBL:CHEMBL2095095	Not Approved	""	0.0117417450649765
ATXN2	CHEMBL:CHEMBL599924	Not Approved	""	0.01320946319809856
ATXN2	CHEMBL:CHEMBL578512	Not Approved	""	0.007287979695502656
ATXN2	CHEMBL:CHEMBL578915	Not Approved	""	0.05283785279239426
ATXN2	OSAJIN	Not Approved	""	0.04227028223391541
ATXN2	CHEMBL:CHEMBL81782	Not Approved	""	0.01761261759746475
ATXN2	CHEMBL:CHEMBL591126	Not Approved	""	0.01921376465177973
ATXN2	AURIN	Not Approved	""	0.01921376465177973
ATXN2	CHEMBL:CHEMBL1503190	Not Approved	""	0.05283785279239426
ATXN2	CHEMBL:CHEMBL1334191	Not Approved	""	0.1056757055847885
ATXN2	GR 127935	Not Approved	""	0.007287979695502656
ATXN2	RALOXIFENE HYDROCHLORIDE	Approved	Hormone Replacement Agents	0.00422702822339154
ATXN2	DECYNIUM 22	Not Approved	""	0.009189191789981612
ATXN2	THIMEROSAL	Approved	""	0.009189191789981612
ATXN2	CHEMBL:CHEMBL2094789	Not Approved	""	0.01921376465177973
ATXN2	SERTACONAZOLE NITRATE	Approved	""	0.04227028223391541
ATXN2	AROMOLINE	Not Approved	""	0.1056757055847885
ATXN2	CHEMBL:CHEMBL536375	Not Approved	""	0.07045047038985902
ATXN2	BAY 11-7082	Not Approved	""	0.01761261759746475
ATXN2	CHEMBL:CHEMBL601364	Not Approved	""	0.01625780085919823
ATXN2	SORAFENIB	Approved	antineoplastic agent	0.001837838357996322
ATXN2	CHEMBL:CHEMBL600734	Not Approved	""	0.01921376465177973
ATXN2	INDIRUBIN-3'-MONOXIME	Not Approved	""	0.01112375848260931
ATXN2	XANTHOANGELOL F	Not Approved	""	0.1056757055847885
ATXN2	CHEMBL:CHEMBL581152	Not Approved	""	0.03522523519492951
ATXN2	DEPHOSTATIN	Not Approved	""	0.00845405644678308
ATXN2	PAROXETINE HYDROCHLORIDE, HEMIHYDRATE	Approved	antidepressant	0.00845405644678308
ATXN2	CHEMBL:CHEMBL585591	Not Approved	""	0.008806308798732378
ATXN2	N-AMINOHEXYL-5-CHLORO-1-NAPTHALENESULFONAMIDE HYDROCHLORIDE	Not Approved	""	0.07045047038985902
ATXN2	CHEMBL:CHEMBL1256660	Not Approved	""	0.05283785279239426
ATXN2	CEPHARANTHINE	Not Approved	""	0.05283785279239426
ATXN2	THIORIDAZINE	Approved	Antipsychotic Agents	0.007287979695502656
ATXN2	SPHAEROPSIDIN A	Not Approved	""	0.1056757055847885
ATXN2	IDARUBICIN	Approved	Antineoplastic Agents	0.004403154399366189
ATXN2	GERONTOXANTHONE H	Not Approved	""	0.03522523519492951
ATXN2	FLUPENTHIXOL	Not Approved	Antipsychotic Agents	0.0140900940779718
ATXN2	CHEMBL:CHEMBL528712	Not Approved	""	0.07045047038985902
ATXN2	CHLORHEXIDINE GLUCONATE	Approved	""	0.01112375848260931
ATXN2	N-DESMETHYLCLOZAPINE	Not Approved	""	0.0211351411169577
ATXN2	CHEMBL:CHEMBL1606	Not Approved	""	0.05283785279239426
ATXN2	APOMORPHINE HYDROCHLORIDE HEMIHYDRATE	Not Approved	""	0.0117417450649765
ATXN2	TEGASEROD MALEATE	Approved	""	0.03522523519492951
ATXN2	CHEMBL:CHEMBL600353	Not Approved	""	0.1056757055847885
ATXN2	CHEMBL:CHEMBL534535	Not Approved	""	0.05283785279239426
ATXN2	CHEMBL:CHEMBL1362503	Not Approved	""	0.01921376465177973
ATXN2	NANAOMYCIN	Not Approved	""	0.01625780085919823
ATXN2	CHEMBL:CHEMBL523200	Not Approved	""	0.01243243595115159
ATXN2	THIOTHIXENE	Approved	""	0.03522523519492951
ATXN2	PIPERLONGUMINE	Not Approved	""	0.023483490129953
ATXN2	ERBSTATIN	Not Approved	""	0.0150965293692555
ATXN2	BIX-01294	Not Approved	""	0.02641892639619713
ATXN2	CHEMBL:CHEMBL1546228	Not Approved	""	0.03019305873851101
ATXN2	A77636	Not Approved	""	0.03522523519492951
ATXN2	CHEMBL:CHEMBL578257	Not Approved	""	0.02641892639619713
ATXN2	TPCK	Not Approved	""	0.0117417450649765
ATXN2	CHEMBL:CHEMBL528694	Not Approved	""	0.0150965293692555
ATXN2	METITEPINE	Not Approved	""	0.010064352912837
ATXN2	EPIRUBICIN HYDROCHLORIDE	Approved	""	0.03019305873851101
ATXN2	PROTOAPIGENONE	Not Approved	""	0.0150965293692555
ATXN2	CHEMBL:CHEMBL1567571	Not Approved	""	0.0140900940779718
ATXN2	CHEMBL:CHEMBL533602	Not Approved	""	0.01761261759746475
ATXN2	SAQUINAVIR	Approved	""	0.023483490129953
ATXN2	SANGUINARIUM	Not Approved	""	0.00845405644678308
ATXN2	CHEMBL:CHEMBL602946	Not Approved	""	0.211351411169577
ATXN2	SCLEROTIORIN	Not Approved	""	0.0211351411169577
ATXN2	FANCHININ	Not Approved	""	0.05283785279239426
ATXN2	CHEMBL:CHEMBL458094	Not Approved	""	0.05283785279239426
ATXN2	CHEMBL:CHEMBL578944	Not Approved	""	0.01921376465177973
ATXN2	VER-3323	Not Approved	""	0.03522523519492951
ATXN2	NORTRIPTYLINE	Approved	antidepressant,antiasthmatic agent	0.006604731599049283
ATXN2	TOLONIUM CHLORIDE	Not Approved	""	0.0117417450649765
ATXN2	CHEMBL:CHEMBL582473	Not Approved	""	0.07045047038985902
ATXN2	BROMOENOL LACTONE	Not Approved	""	0.02641892639619713
ATXN2	LASALOCID A SODIUM	Not Approved	""	0.023483490129953
ATXN2	DOCEBENONE	Not Approved	""	0.01320946319809856
ATXN2	CHEMBL:CHEMBL603952	Not Approved	""	0.1056757055847885
ATXN2	ENPIROLINE	Not Approved	""	0.04227028223391541
ATXN2	MEFLOQUINE HYDROCHLORIDE	Approved	""	0.1056757055847885
ATXN2	PYRITHIONE	Approved	""	0.01921376465177973
ATXN2	SB 242084	Not Approved	""	0.02641892639619713
ATXN2	KEPONE	Not Approved	""	0.01761261759746475
ATXN2	NICARDIPINE	Approved	Anti-Arrhythmia Agents; Antihypertensive Agents	0.01320946319809856
ATXN2	CHEMBL:CHEMBL505670	Not Approved	""	0.006038611747702201
ATXN2	CALMIDAZOLIUM CHLORIDE	Not Approved	""	0.01056757055847885
ATXN2	SAQUINAVIR MESYLATE	Approved	""	0.023483490129953
ATXN2	DOXORUBICIN HYDROCHLORIDE	Approved	antineoplastic agent	0.001428050075470115
ATXN2	CHEMBL:CHEMBL590168	Not Approved	""	0.04227028223391541
ATXN2	CHEMBL:CHEMBL590686	Not Approved	""	0.1056757055847885
ATXN2	GEOPYXIN A	Not Approved	""	0.1056757055847885
ATXN2	AKT INHIBITOR IV	Not Approved	""	0.01921376465177973
ATXN2	CHEMBL:CHEMBL587849	Not Approved	""	0.0211351411169577
ATXN2	CHEMBL:CHEMBL579318	Not Approved	""	0.0211351411169577
ATXN2	1,10-PHENANTHROLINE	Not Approved	""	0.010064352912837
ATXN2	CLEMASTINE FUMARATE	Approved	""	0.1056757055847885
ATXN2	HONOKIOL	Not Approved	""	0.04227028223391541
ATXN2	PROPYLPYRAZOLETRIOL	Not Approved	""	0.01761261759746475
ATXN2	AFIMOXIFENE	Not Approved	""	0.0150965293692555
ATXN2	CHEMBL:CHEMBL607309	Not Approved	""	0.023483490129953
ATXN2	(R,S)-INDATRALINE	Not Approved	""	0.01921376465177973
ATXN2	CLOFOCTOL	Not Approved	""	0.03522523519492951
ATXN2	ALEXIDINE HYDROCHLORIDE	Not Approved	""	0.01243243595115159
ATXN2	BW723C86	Not Approved	""	0.04227028223391541
ATXN2	CHEMBL:CHEMBL1415851	Not Approved	""	0.04227028223391541
ATXN2	CHEMBL:CHEMBL1549738	Not Approved	""	0.04227028223391541
ATXN2	CHEMBL:CHEMBL546597	Not Approved	""	0.02641892639619713
ATXN2	PROCHLORPERAZINE	Approved	antiemetic,antimigraine agent	0.007548264684627753
ATXN2	CHEMBL:CHEMBL576362	Not Approved	""	0.211351411169577
ATXN2	STREPTONIGRIN	Not Approved	""	0.01056757055847885
ATXN2	CHEMBL:CHEMBL588038	Not Approved	""	0.0211351411169577
ATXN2	PIMOZIDE	Approved	Antidyskinetics; Antipsychotic Agents	0.006216217975575796
ATXN2	CARMINIC ACID	Approved	""	0.02641892639619713
ATXN2	VITAMIN K3	Approved	for reducing EGFR-inhibitor-induced dermatological side effects	0.007287979695502656
ATXN2	CHEMBL:CHEMBL579045	Not Approved	""	0.07045047038985902
ATXN2	CHEMBL:CHEMBL1701915	Not Approved	""	0.03019305873851101
ATXN2	ECONAZOLE NITRATE	Approved	""	0.0150965293692555
ATXN2	9,10-PHENANTHRENEQUINONE	Not Approved	""	0.008128900429599118
ATXN2	CHEMBL:CHEMBL601757	Not Approved	""	0.008806308798732378
ATXN2	PERHEXILINE MALEATE	Approved	""	0.01921376465177973
ATXN2	(S)-ROSCOVITINE	Not Approved	""	0.04227028223391541
ATXN2	THIRAM	Not Approved	""	0.009189191789981612
ATXN2	VANOXERINE	Not Approved	""	0.01056757055847885
ATXN2	CHEMBL:CHEMBL1465049	Not Approved	""	0.0150965293692555
ATXN2	CHEMBL:CHEMBL609606	Not Approved	""	0.0211351411169577
ATXN2	CHEMBL:CHEMBL596633	Not Approved	""	0.01921376465177973
ATXN2	CHEMBL:CHEMBL1526167	Not Approved	""	0.02641892639619713
ATXN2	CHEMBL:CHEMBL582699	Not Approved	""	0.211351411169577
ATXN2	TYRPHOSTIN A9	Not Approved	""	0.009606882325889866
ATXN2	MITOXANTRONE	Approved	antineoplastic agent	0.004803441162944933
ATXN2	CHEMBL:CHEMBL530049	Not Approved	""	0.023483490129953
ATXN2	CHELERYTHRINE	Not Approved	""	0.01761261759746475
ATXN2	CHEMBL:CHEMBL586024	Not Approved	""	0.211351411169577
ATXN2	CHLORPROMAZINE HYDROCHLORIDE	Approved	""	0.01243243595115159
ATXN2	CLOTRIMAZOLE	Approved	""	0.005712200301880461
ATXN2	FLAVOKAWAIN B	Not Approved	""	0.1056757055847885
ATXN2	CHEMBL:CHEMBL585656	Not Approved	""	0.0211351411169577
ATXN2	CHEMBL:CHEMBL223575	Not Approved	""	0.05283785279239426
ATXN2	N-OLEOYLDOPAMINE	Not Approved	""	0.0117417450649765
ATXN2	CLOROTEPINE	Not Approved	""	0.07045047038985902
ATXN2	FENDILINE HYDROCHLORIDE	Not Approved	""	0.04227028223391541
ATXN2	ENCLOMIPHENE CITRATE	Not Approved	""	0.02641892639619713
ATXN2	CHEMBL:CHEMBL1546223	Not Approved	""	0.03522523519492951
ATXN2	FANGCHINOLINE	Not Approved	""	0.07045047038985902
ATXN2	(-)-N-PORPHYNORAPOMORPHINE	Not Approved	""	0.02641892639619713
ATXN2	CYCLOSPORINE	Approved	immunosuppressant,opthalmological agent	0.002429326565167552
ATXN2	CHEMBL:CHEMBL1287983	Not Approved	""	0.03019305873851101
ATXN2	PYROGALLOL RED	Not Approved	""	0.00845405644678308
ATXN2	PROMETHAZINE HYDROCHLORIDE	Approved	Hypnotics and Sedatives; Anti-anxiety agents; Anti-allergic Agents	0.009606882325889866
ATXN2	CHEMBL:CHEMBL576208	Not Approved	""	0.01921376465177973
ATXN2	MASOPROCOL	Approved	prostate cancer,antineoplastic agent	0.004496838535522916
ATXN2	(2S)-1-(1H-INDOL-3-YL)-3-{[5-(3-METHYL-1H-INDAZOL-5-YL)PYRIDIN-3-YL]OXY}PROPAN-2-AMINE	Not Approved	""	0.01625780085919823
ATXN2	CHEMBL:CHEMBL604321	Not Approved	""	0.023483490129953
ATXN2	HELENALIN	Not Approved	""	0.01320946319809856
ATXN2	MITOXANTRONE HYDROCHLORIDE	Approved	""	0.006604731599049283
ATXN2	CHEMBL:CHEMBL591404	Not Approved	""	0.07045047038985902
ATXN2	CHEMBL:CHEMBL429095	Not Approved	""	0.00422702822339154
ATXN2	CP55940	Not Approved	""	0.0211351411169577
ATXN2	QUINESTROL	Approved	Hormone Replacement Agents	0.04227028223391541
ATXN2	CHEMBL:CHEMBL1392894	Not Approved	""	0.211351411169577
ATXN2	NIFEDIPINE	Approved	Antianginal Agents; Vasodilator Agents	0.003774132342313876
ATXN2	MAPROTILINE	Approved	Second-Generation,Antidepressive Agents	0.01625780085919823
ATXN2	CHEMBL:CHEMBL1287980	Not Approved	""	0.03019305873851101
ATXN2	EMETINE	Not Approved	""	0.04227028223391541
ATXN2	FENRETINIDE	Approved	antineoplastic agent	0.007827830043317668
ATXN2	CYCLOVALONE	Not Approved	""	0.03019305873851101
ATXN2	BENZETHONIUM CHLORIDE	Approved	""	0.01320946319809856
ATXN2	TAMOXIFEN	Approved	Hormonal,Antineoplastic Agents	0.003251560171839647
ATXN2	CHEMBL:CHEMBL1343568	Not Approved	""	0.03019305873851101
ATXN2	CHEMBL:CHEMBL592316	Not Approved	""	0.03019305873851101
ATXN2	CHEMBL:CHEMBL589245	Not Approved	""	0.04227028223391541
ATXN2	CHEMBL:CHEMBL1481509	Not Approved	""	0.07045047038985902
ATXN2	CHEMBL:CHEMBL1576310	Not Approved	""	0.01921376465177973
ATXN2	CANTHARIDIC_ACID	Not Approved	""	0.05283785279239426
ATXN2	CHEMBL:CHEMBL515617	Not Approved	""	0.04227028223391541
ATXN2	MIBEFRADIL	Not Approved	""	0.01243243595115159
ATXN2	CHEMBL:CHEMBL600908	Not Approved	""	0.05283785279239426
ATXN2	TUBERCIDIN	Not Approved	""	0.05283785279239426
ATXN2	CHEMBL:CHEMBL531268	Not Approved	""	0.03522523519492951
ATXN2	VINBLASTINE SULFATE	Approved	""	0.01056757055847885
ATXN2	PARAROSANILINE	Not Approved	""	0.01921376465177973
ATXN2	TBBT	Not Approved	""	0.02641892639619713
ATXN2	METHIXENE HYDROCHLORIDE	Approved	""	0.05283785279239426
ATXN2	SYK INHIBITOR III	Not Approved	""	0.023483490129953
ATXN2	CHEMBL:CHEMBL585502	Not Approved	""	0.01921376465177973
ATXN2	CHEMBL:CHEMBL599098	Not Approved	""	0.02641892639619713
ATXN2	CHEMBL:CHEMBL299853	Not Approved	""	0.0117417450649765
ATXN2	CHEMBL:CHEMBL600747	Not Approved	""	0.04227028223391541
ATXN2	CHEMBL:CHEMBL578502	Not Approved	""	0.023483490129953
ATXN2	NELFINAVIR MESYLATE	Approved	""	0.03522523519492951
ATXN2	CHEMBL:CHEMBL1902074	Not Approved	""	0.03522523519492951
ATXN2	CHEMBL:CHEMBL461193	Not Approved	""	0.03522523519492951
ATXN2	CHEMBL:CHEMBL17201	Not Approved	""	0.03019305873851101
ATXN2	SERTRALINE HYDROCHLORIDE	Approved	for treatment of obsessive compulsive disorder (OCD),antidepressant	0.01056757055847885
ATXN2	HYCANTHONE	Not Approved	""	0.01112375848260931
HBG2	SLF1081851	Not Approved	""	17.40126618629517
HBG2	SLF80821178	Not Approved	""	17.40126618629517
HBG2	SLB1122168	Not Approved	""	17.40126618629517
MR1	ANTI-THYMOCYTE GLOBULIN	Approved	Immunomodulatory Agents	4.745799868989594
STRBP	METHYLPHENIDATE HYDROCHLORIDE	Approved	for treatment of ADHD	2.269730372125458
RRM1	CISPLATIN	Approved	""	0.06266962612111109
RRM1	GEMCITABINE	Approved	antineoplastic agent	0.2336487147776206
RRM1	GTI-2501	Not Approved	antineoplastic agent	3.070811679934443
RRM1	TRIAPINE	Not Approved	antineoplastic agent	0.7677029199836107
RRM1	PLATINUM COMPOUND	Not Approved	""	0.3838514599918053
RRM1	CLADRIBINE	Approved	""	0.4094415573245924
RRM1	PACLITAXEL	Approved	for treatment of peripheral arterial disease (PAD),DMARD,antiinflammatory agent,antineoplastic agent	0.02791646981758585
RRM1	FLUDARABINE	Approved	antineoplastic agent	0.2709539717589214
RRM1	CARBOPLATIN	Approved	""	0.03570711255737725
RRM1	CYTARABINE	Approved	antineoplastic agent	0.07677029199836106
RRM1	HYDROXYUREA	Approved	Antineoplastic Agents	0.4386873828477775
RRM1	CLOFARABINE	Approved	antineoplastic agent	0.484865002094912
RRM1	PEMETREXED DISODIUM	Approved	Antineoplastic Agents,antineoplastic agent	0.1181081415359401
RRM1	MOTEXAFIN GADOLINIUM	Not Approved	antineoplastic agent	0.8773747656955552
RRM1	TEZACITABINE	Not Approved	""	0.7677029199836107
RRM1	VINORELBINE	Approved	antineoplastic agent	0.1181081415359401
RRM1	GALLIUM NITRATE	Approved	""	0.4386873828477776
PADI1	O-F-AMIDINE	Not Approved	""	8.700633093147589
PADI1	CHEMBL:CHEMBL1910971	Not Approved	""	13.05094963972138
SERPINH1	DL-TBOA	Not Approved	""	1.087579136643448
SERPINH1	ANTISENSE OLIGONUCLEOTIDES	Not Approved	""	0.5273110965543993
SERPINH1	ASPARTIC ACID	Approved	""	0.8700633093147588
SERPINH1	[3H]D-ASPARTIC ACID	Not Approved	""	0.790966644831599
SERPINH1	THREO-3-METHYLGLUTAMATE	Not Approved	""	4.350316546573794
SERPINH1	MONOCLONAL ANTIBODY 11D10	Not Approved	""	17.40126618629517
FAAH	CHEMBL:CHEMBL367966	Not Approved	""	4.971790338941479
FAAH	PF-04457845	Not Approved	""	7.457685508412219
FAAH	PHENMEDIPHAM	Not Approved	""	1.242947584735369
FAAH	ARIPIPRAZOLE LAUROXIL	Approved	antipsychotic agent	0.3925097636006431
FAAH	ACETAMINOPHEN	Approved	analgesic	0.1434170290079273
FAAH	NABIXIMOLS	Not Approved	""	0.9943580677882958
FAAH	ANANDAMIDE	Not Approved	""	0.3107368961838424
FAAH	HALOPERIDOL DECANOATE	Approved	Antipsychotic Agents	0.09812744090016078
FAAH	CLOZAPINE	Approved	Antipsychotic Agents	0.07688335575682699
FAAH	PROPOFOL	Approved	sedative	0.08019016675712062
FAAH	URB597	Not Approved	""	1.988716135576591
FAAH	CHEMBL:CHEMBL1915783	Not Approved	""	4.971790338941479
FAAH	THIOPENTAL	Approved	Intravenous,Anesthetics	0.2259904699518854
FAAH	OXIDOPAMINE	Not Approved	""	0.2485895169470739
FAAH	OLANZAPINE	Approved	for treatment of bipolar disorder,antidepressant,antipsychotic agent	0.09812744090016078
FAAH	IBUPROFEN, SODIUM SALT	Approved	NSAID	0.127481803562602
FAAH	REDAFAMDASTAT	Not Approved	""	2.485895169470739
FAAH	PF750	Not Approved	""	1.657263446313826
FAAH	DRONABINOL	Approved	Antiemetics,for treatment of restlegs legs syndrome,neuropathic pain,analgesic,appetite stimulant	0.2924582552318517
FAAH	QUETIAPINE FUMARATE	Approved	antidepressant,antipsychotic agent	0.2071579307892283
FAAH	JNJ-42165279	Not Approved	""	4.971790338941479
PLA2G10	VARESPLADIB METHYL	Not Approved	""	5.800422062098392
PLA2G10	VARESPLADIB	Not Approved	antiinflammatory agent	4.350316546573794
PLA2G10	COMPOUND 12E [PMID: 18605714]	Not Approved	""	2.48589516947074
HGD	TEPODITAMAB	Not Approved	""	26.10189927944276
UBASH3B	GEMCITABINE	Approved	antineoplastic agent	1.134865186062729
FECH	AMG28	Not Approved	""	1.160084412419678
FECH	(7S)-2-(2-AMINOPYRIMIDIN-4-YL)-7-(2-FLUOROETHYL)-1,5,6,7-TETRAHYDRO-4H-PYRROLO[3,2-C]PYRIDIN-4-ONE	Not Approved	""	1.491537101682444
FECH	CHOLIC ACID	Approved	""	0.8700633093147588
FECH	METHYL AMINOLEVULINATE	Not Approved	""	10.4407597117771
FECH	COMPOUND 1 [PMID: 24793884]	Not Approved	""	2.610189927944276
LIPC	DEHYDRATED ALCOHOL	Approved	""	0.2202691922315845
LIPC	HEPARIN	Approved	for treatment of cystic fibrosis,for treatment of pelvic pain of bladder origin and interstitital cystitis,antithrombotic,anticoagulant	0.8156843524825864
LIPC	SIMVASTATIN	Approved	antidyslipidaemic agent,anticholesterolaemic agent,antihypertensive agent	0.3480253237259035
LIPC	PENTOSAN POLYSULFATE SODIUM	Not Approved	""	8.700633093147589
LIPC	ATORVASTATIN CALCIUM TRIHYDRATE	Approved	anticholesterolaemic agent,antihypecholesterolemic agent	0.3163866579326396
LIPC	FLUVASTATIN	Approved	antihypecholesterolemic agent	1.740126618629517
GRM1	COMPOUND 23C [PMID: 17929793]	Not Approved	""	1.087579136643448
GRM1	COMPOUND 9N [PMID: 23084894]	Not Approved	""	1.087579136643448
GRM1	COMPOUND 23H [PMID: 17929793]	Not Approved	""	1.087579136643448
GRM1	AIDA	Not Approved	""	0.5437895683217243
GRM1	A-794278	Not Approved	""	1.087579136643448
GRM1	VU0483605	Not Approved	""	1.087579136643448
GRM1	COMPOUND 22 [PMID: 17276684]	Not Approved	""	1.087579136643448
GRM1	[18F]FITM	Not Approved	""	1.087579136643448
GRM1	COMPOUND 12E [PMID: 22266036]	Not Approved	""	1.087579136643448
GRM1	[3H]R214127	Not Approved	""	1.087579136643448
GRM1	CPCCOET	Not Approved	""	1.087579136643448
GRM1	A-841720	Not Approved	""	2.175158273286897
GRM1	YM298198	Not Approved	""	1.087579136643448
GRM1	CFMTI	Not Approved	""	1.087579136643448
GRM1	[11C]MMTP	Not Approved	""	1.087579136643448
GRM1	LY456236	Not Approved	""	1.087579136643448
GRM1	LY456066	Not Approved	""	1.087579136643448
GRM1	FTIDC	Not Approved	""	1.087579136643448
GRM1	COMPOUND 23E [PMID: 17929793]	Not Approved	""	1.087579136643448
GRM1	GLUTAMIC ACID	Approved	""	0.1087579136643448
GRM1	CAFFEINE	Approved	Central Nervous System Stimulants	0.05878806144018641
GRM1	VU0469650	Not Approved	""	1.087579136643448
GRM1	COMPOUND 11C [PMID: 17929793]	Not Approved	""	1.087579136643448
GRM1	A-850002	Not Approved	""	1.087579136643448
GRM1	COMPOUND 11S [PMID: 19433355]	Not Approved	""	1.087579136643448
GRM1	GANCICLOVIR	Approved	""	1.495421312884741
GRM1	ELEZANUMAB	Not Approved	""	1.087579136643448
GRM1	COMPOUND 27 [PMID: 20346665]	Not Approved	""	1.087579136643448
GRM1	COMPOUND 24 [PMID: 20346665]	Not Approved	""	1.087579136643448
GRM1	JNJ16259685	Not Approved	""	0.2718947841608621
GRM1	COMPOUND 11Q [PMID: 19433355]	Not Approved	""	1.087579136643448
GRM1	ANTIDEPRESSANT AGENT	Not Approved	""	0.04182996679397879
GRM1	CIS-10 [PMID: 15771457]	Not Approved	""	1.087579136643448
GRM1	PHCCC	Not Approved	""	0.5437895683217243
GRM1	A-794282	Not Approved	""	1.087579136643448
GRM1	PAREGORIC	Approved	analgesic	0.04728604941928038
GRM1	CFMMC	Not Approved	""	1.087579136643448
GRM1	MK-5435	Not Approved	""	1.087579136643448
GRM1	COMPOUND 10I [PMID: 23084894]	Not Approved	""	1.087579136643448
GRM1	(S)-4C3HPG	Not Approved	""	1.087579136643448
GRM1	COMPOUND 9A [PMID: 22266036]	Not Approved	""	1.087579136643448
GRM1	PHILANTHOTOXIN 343	Not Approved	""	0.725052757762299
GRM1	[18F]MK-1312	Not Approved	""	1.087579136643448
GRM1	LY341495	Not Approved	""	0.1553684480919212
GRM1	COMPOUND 2F [PMID: 17532216]	Not Approved	""	1.087579136643448
GRM1	COMPOUND 23I [PMID: 17929793]	Not Approved	""	1.087579136643448
GRM1	INOSITOL	Approved	for treatment of Alzheimer's disease	0.1450105515524598
GRM1	LY367385	Not Approved	""	0.5437895683217243
NDUFB8	ME-344	Not Approved	""	0.3412012977704936
NDUFB8	NV-128	Not Approved	""	0.3480253237259035
NDUFB8	METFORMIN HYDROCHLORIDE	Approved	""	0.3107368961838425
SUMO2	HEXACHLOROPHENE	Approved	""	0.6366316897425064
SUMO2	BITHIONOLOXIDE	Not Approved	""	3.728842754206109
MCHR2	SB-568849	Not Approved	""	34.80253237259035
ABCD2	MYRISTIC ACID	Not Approved	""	1.37378417260225
ABCD2	ROSIGLITAZONE	Approved	for treatment of Alzheimer's disease,antidiabetic	0.1248894702365682
ABCD2	TUG-905	Not Approved	""	2.747568345204501
ABCD2	HWL-088	Not Approved	""	2.747568345204501
ABCD2	COMPOUND 4 [PMID: 27074625]	Not Approved	""	2.747568345204501
ABCD2	GW1100	Not Approved	""	2.747568345204501
ABCD2	LINOLENIC ACID	Approved	""	0.130836587866881
ABCD2	SETOGEPRAM	Not Approved	""	1.37378417260225
ABCD2	TUG-770	Not Approved	""	2.747568345204501
ABCD2	AMG-837	Not Approved	""	1.37378417260225
ABCD2	DOCONEXENT	Approved	""	0.3434460431505627
ABCD2	COMPOUND B [PMID:18477808]	Not Approved	""	2.747568345204501
ABCD2	PALMITATE	Approved	""	1.37378417260225
ABCD2	GW9508	Not Approved	""	1.37378417260225
ABCD2	OLEIC ACID	Approved	""	0.2497789404731365
ABCD2	FASIGLIFAM	Not Approved	""	1.37378417260225
ABCD2	TUG-424	Not Approved	""	1.37378417260225
ABCD2	LINOLEIC ACID	Not Approved	""	0.3925097636006431
ABCD2	MEDICA 16	Not Approved	""	2.747568345204501
GABRA1	CHLORDIAZEPOXIDE	Approved	Hypnotics and Sedatives	0.0573668116031709
GABRA1	ETIFOXINE	Not Approved	""	0.02509798007638727
GABRA1	DIAZEPAM	Approved	anticonvulsant	0.05538864568582018
GABRA1	METHARBITAL	Approved	Anticonvulsants	0.06023515218332945
GABRA1	L838417	Not Approved	""	0.1003919203055491
GABRA1	GANAXOLONE	Approved	anticonvulsant	0.06692794687036606
GABRA1	THIAMYLAL SODIUM	Approved	""	0.02362162830718802
GABRA1	EVT 201	Not Approved	hypnotic	0.04227028223391541
GABRA1	ADINAZOLAM	Not Approved	Anti-anxiety Agents; anticonvulsant	0.04724325661437605
GABRA1	ZK-93423	Not Approved	""	0.1003919203055491
GABRA1	AMOBARBITAL	Approved	""	0.4015676812221964
GABRA1	ETHCHLORVYNOL	Approved	""	0.05019596015277455
GABRA1	SECOBARBITAL SODIUM	Approved	""	0.02509798007638727
GABRA1	MEPHOBARBITAL	Approved	Anticonvulsants; Hypnotics and Sedatives	0.1003919203055491
GABRA1	ZOLPIDEM TARTRATE	Approved	hypnotic	0.1544491081623832
GABRA1	METHAQUALONE	Approved	""	0.02509798007638727
GABRA1	TOPIRAMATE	Approved	Anticonvulsants; anti-migraine agents,antimigraine agent,anticonvulsant	0.02737961462878611
GABRA1	PAGOCLONE	Not Approved	for treatment of persistant stuttering,for treatment of premature ejaculation	0.02509798007638727
GABRA1	THIOCOLCHICOSIDE	Not Approved	""	0.1003919203055491
GABRA1	[3H]AZIETOMIDATE	Not Approved	""	0.05019596015277455
GABRA1	PENTOBARBITAL SODIUM	Approved	Hypnotics and Sedatives	0.08031353624443928
GABRA1	MIDAZOLAM HYDROCHLORIDE	Approved	Anesthesia; Hypnotics and Sedatives,Adjuvants	0.03346397343518303
GABRA1	TRIAZOLAM	Approved	sedative,analgesic	0.04867487045117531
GABRA1	BARBITURATE	Not Approved	""	0.4015676812221964
GABRA1	LORAZEPAM	Approved	Anti-anxiety Agents; Anticonvulsants; Hypnotics and Sedatives	0.04818812174666356
GABRA1	BUTOBARBITAL	Not Approved	Hypnotics and Sedatives	0.1204703043666589
GABRA1	TETRAHYDRODEOXYCORTICOSTERONE	Not Approved	""	0.06692794687036606
GABRA1	CLOTIAZEPAM	Approved	Hypnotics and Sedatives	0.06023515218332945
GABRA1	MEPROBAMATE	Approved	Anticonvulsants; Hypnotics and Sedatives	0.08923726249382141
GABRA1	[3H]CGS8216	Not Approved	""	0.06692794687036606
GABRA1	PROPOFOL	Approved	sedative	0.03886138850537384
GABRA1	CLOBAZAM	Approved	anticonvulsant,anxiolytic	0.05475922925757223
GABRA1	SEVOFLURANE	Approved	Inhalation,Anesthetics	0.03255954172071863
GABRA1	METHOXYFLURANE	Approved	Inhalation,Anesthetics	0.03650615283838149
GABRA1	LOREDIPLON	Not Approved	""	0.02509798007638727
GABRA1	CIPEPOFOL	Not Approved	""	0.02509798007638727
GABRA1	INDIPLON	Not Approved	hypnotic	1.606270724888785
GABRA1	PHENOBARBITAL	Approved	Anticonvulsants; Hypnotics and Sedatives	0.0211351411169577
GABRA1	PRAZEPAM	Approved	Anti-anxiety Agents; Hypnotics and Sedatives	0.05475922925757223
GABRA1	CLORAZEPATE	Approved	Hypnotics and Sedatives	0.04015676812221964
GABRA1	ESTAZOLAM	Approved	Anti-anxiety Agents; Anticonvulsants	0.05237839320289519
GABRA1	BUTABARBITAL SODIUM	Approved	""	0.02509798007638727
GABRA1	&ALPHA;5IA	Not Approved	""	0.1003919203055491
GABRA1	FLURAZEPAM	Approved	Hypnotics and Sedatives	0.0382445410687806
GABRA1	NITRAZEPAM	Not Approved	Anticonvulsants; Hypnotics and Sedatives	0.0573668116031709
GABRA1	BROMAZEPAM	Approved	Hypnotics and Sedatives	0.0382445410687806
GABRA1	PROGABIDE	Not Approved	Anticonvulsants	0.4015676812221964
GABRA1	PICROTOXIN	Not Approved	Central Nervous System Stimulants; Convulsants	0.3011757609166473
GABRA1	OCINAPLON	Not Approved	anxiolytic	0.03650615283838149
GABRA1	ISOGUVACINE	Not Approved	""	0.0446186312469107
GABRA1	TPA023	Not Approved	""	0.1003919203055491
GABRA1	TP003	Not Approved	""	0.1003919203055491
GABRA1	SECOBARBITAL	Approved	anesthesia; Hypnotics and Sedatives,Adjuvants	0.1204703043666589
GABRA1	METHOHEXITAL	Approved	Intravenous,Anesthetics	1.204703043666589
GABRA1	ALPRAZOLAM	Approved	hypnotic,sedative,anxiolytic	0.04724325661437605
GABRA1	OXAZEPAM	Approved	Hypnotics and Sedatives	0.04633473244871497
GABRA1	DESFLURANE	Approved	inhalation anesthetics	0.04015676812221964
GABRA1	RESEQUINIL	Not Approved	""	0.02509798007638727
GABRA1	PADSEVONIL	Not Approved	""	0.0211351411169577
GABRA1	QUAZEPAM	Approved	Hypnotics and Sedatives	0.06023515218332945
GABRA1	ZK93426	Not Approved	""	0.1003919203055491
GABRA1	TALBUTAL	Approved	Analgesics	0.06023515218332945
GABRA1	GABOXADOL	Not Approved	hypnotic	0.05237839320289519
GABRA1	HALAZEPAM	Approved	Anti-anxiety Agents; Muscle Relaxants; Sedative	0.06023515218332945
GABRA1	CHLORMETHIAZOLE	Approved	""	0.02007838406110982
GABRA1	BREXANOLONE	Approved	""	0.0573668116031709
GABRA1	FLURAZEPAM HYDROCHLORIDE	Approved	""	0.02509798007638727
GABRA1	ACAMPROSATE CALCIUM	Approved	antineoplastic agent,for treatment of alcohol-dependance	0.01606270724888785
GABRA1	ZOPICLONE	Approved	Hypnotics and Sedatives	0.1204703043666589
GABRA1	CGS8216	Not Approved	""	0.08031353624443928
GABRA1	CLORAZEPATE DIPOTASSIUM	Approved	""	0.02509798007638727
GABRA1	[18F]FLUOROETHYLFLUMAZENIL	Not Approved	""	0.06692794687036606
GABRA1	MRK016	Not Approved	""	0.1003919203055491
GABRA1	ISONIPECOTIC ACID	Not Approved	""	0.1003919203055491
GABRA1	RO15-4513	Not Approved	""	0.06692794687036606
GABRA1	HALOTHANE	Approved	Inhalation,Anesthetics	0.01115465781172767
GABRA1	RO19-4603	Not Approved	""	0.05019596015277455
GABRA1	ENFLURANE	Approved	Inhalation,Anesthetics	0.03886138850537384
GABRA1	HEXOBARBITAL	Approved	Hypnotics and Sedatives	0.1204703043666589
GABRA1	CLONAZEPAM	Approved	anticonvulsant	0.06425082899555142
GABRA1	DEHYDRATED ALCOHOL	Approved	""	0.005083135205344258
GABRA1	CHLORDIAZEPOXIDE HYDROCHLORIDE	Approved	""	0.02509798007638727
GABRA1	CHEMBL:CHEMBL2170369	Not Approved	""	0.2007838406110982
GABRA1	DMCM	Not Approved	""	0.1003919203055491
GABRA1	ADIPIPLON	Not Approved	""	0.02509798007638727
GABRA1	ZURANOLONE	Approved	""	0.02509798007638727
GABRA1	IMEPITOIN	Not Approved	""	0.02509798007638727
GABRA1	PIPERIDINE-4-SULPHONIC ACID	Not Approved	""	0.0446186312469107
GABRA1	[3H]GABAZINE	Not Approved	""	0.0446186312469107
GABRA1	RO4938581	Not Approved	""	0.1003919203055491
GABRA1	BICUCULLINE	Not Approved	""	0.8031353624443928
GABRA1	PRIMIDONE	Approved	Anticonvulsants	0.04589344928253673
GABRA1	BRETAZENIL	Not Approved	""	0.06692794687036606
GABRA1	ESZOPICLONE	Approved	anxiolytic,hypnotic	0.0446186312469107
GABRA1	CENOBAMATE	Approved	""	0.01434170290079273
GABRA1	THIOPENTAL	Approved	Intravenous,Anesthetics	0.07301230567676298
GABRA1	TBPS	Not Approved	""	0.0211351411169577
GABRA1	SANDARACOPIMARIC ACID	Not Approved	""	0.4015676812221964
GABRA1	THIOPENTAL SODIUM	Approved	""	0.02362162830718802
GABRA1	GLUTETHIMIDE	Approved	""	0.02362162830718802
GABRA1	REMIMAZOLAM	Approved	sedative	0.0211351411169577
GABRA1	REMIMAZOLAM BESYLATE	Approved	""	0.02509798007638727
GABRA1	BARBITAL	Approved	""	0.4015676812221964
GABRA1	FLUMAZENIL	Approved	Benzodoazepine Overdose,Antidotes	0.06692794687036606
GABRA1	BUTALBITAL	Approved	Analgesics	0.08031353624443928
GABRA1	ISOPIMARIC ACID	Not Approved	""	0.4015676812221964
GABRA1	FLUDIAZEPAM	Not Approved	Anti-anxiety Agents; Anticonvulsants	0.04724325661437605
GABRA1	TRICLOFOS SODIUM	Approved	""	0.02509798007638727
GABRA1	BUTABARBITAL	Approved	Hypnotics and Sedatives	0.1204703043666589
GABRA1	ISOFLURANE	Approved	Inhalation,Anesthetics	0.03886138850537384
GABRA1	METHOHEXITAL SODIUM	Approved	""	0.02509798007638727
GABRA1	METHYPRYLON	Approved	Hypnotics and Sedatives	0.1003919203055491
GABRA1	&ALPHA;3IA	Not Approved	""	0.1003919203055491
GABRA1	[3H]MUSCIMOL	Not Approved	""	0.0446186312469107
GABRA1	PICROTOXIN	Not Approved	""	0.01745946440096506
GABRA1	ZALEPLON	Approved	hypnotic	0.4015676812221964
GABRA1	CINOLAZEPAM	Not Approved	Hypnotics and Sedatives	0.04724325661437605
GABRA1	TETRAZEPAM	Approved	""	0.02509798007638727
GABRA1	FLUNITRAZEPAM	Approved	Hypnotics and Sedatives	0.03650615283838149
GABRA1	ADIPIPLON	Not Approved	hypnotic	0.0211351411169577
GABRA1	THIAMYLAL	Approved	Intravenous,Anesthetics	0.2007838406110982
GABRA1	ZN2+	Not Approved	""	0.01825307641919074
GABRA1	ABP-700	Not Approved	""	0.02509798007638727
GABRA1	ETOMIDATE	Approved	Intravenous,Anesthetics	0.1417297698431281
GABRA1	BICUCULLINE	Not Approved	""	0.05736681160317092
GABRA1	DARIGABAT	Not Approved	""	0.02509798007638727
GABRA1	TEMAZEPAM	Approved	Hypnotics and Sedatives	0.05475922925757223
GABRA1	[35S]TBPS	Not Approved	""	0.06692794687036606
GABRA1	ZK93423	Not Approved	""	0.1003919203055491
GABRA1	METHAQUALONE HYDROCHLORIDE	Approved	""	0.02509798007638727
KCNA2	GUANIDINE HYDROCHLORIDE	Approved	""	0.1591579224356266
KCNA2	STREPTOZOCIN	Approved	""	0.2837162965156822
KCNA2	DALFAMPRIDINE	Approved	MS-treatment	0.135947392080431
KCNA2	AMIFAMPRIDINE	Approved	""	0.1553684480919212
KCNA2	OXIDOPAMINE	Not Approved	""	0.6525474819860692
KCNA2	AMIFAMPRIDINE PHOSPHATE	Approved	""	0.1591579224356266
KCNA2	TEDISAMIL	Not Approved	""	0.1631368704965173
KCNA2	NERISPIRDINE	Not Approved	""	0.1305094963972138
MAP3K5	SELONSERTIB	Not Approved	""	26.10189927944276
MAP3K5	MSC2032964A	Not Approved	""	8.700633093147589
MAP3K5	COMPOUND 10 [PMID: 23147077]	Not Approved	""	4.350316546573794
MAP3K5	GS-444217	Not Approved	""	8.700633093147589
MAP3K5	HYDROXYUREA	Approved	Antineoplastic Agents	0.8286317231569131
MAP3K5	COMPOUND 26 [PMID: 31710475]	Not Approved	""	8.700633093147589
DAZL	Z-VDVAD-FMK	Not Approved	""	26.10189927944276
DAZL	COMPOUND 4 [PMID: 12408711]	Not Approved	""	6.525474819860691
GUCY2C	PLECANATIDE	Approved	motilitant	19.57642445958207
GUCY2C	LINACLOTIDE	Approved	for treatment of irritable bowel syndrome,motilitant	19.57642445958207
GUCY2C	DOLCANATIDE	Not Approved	""	13.05094963972138
GUCY2C	INDUSATUMAB VEDOTIN	Not Approved	""	1.631368704965172
PARP3	RUCAPARIB	Approved	""	0.3625263788811495
PARP3	4-[3-(1,4-DIAZEPAN-1-YLCARBONYL)-4-FLUOROBENZYL]PHTHALAZIN-1(2H)-ONE	Not Approved	""	4.350316546573794
PARP3	OLAPARIB	Approved	""	0.1891441976771215
PARP3	VELIPARIB	Not Approved	""	0.790966644831599
PARP3	RUCAPARIB CAMSYLATE	Approved	""	2.900211031049196
PARP3	E-7016	Not Approved	""	2.900211031049196
PGC	ECABET	Not Approved	antiulcer agent	26.10189927944276
CACNA1S	NILVADIPINE	Not Approved	""	0.1969954662599453
CACNA1S	SUCCINYLCHOLINE	Approved	Skeletal,Muscle Relaxants	0.8954339375452064
CACNA1S	ISOFLURANE	Approved	Inhalation,Anesthetics	0.3177346229999119
CACNA1S	AMLODIPINE BENZOATE	Approved	""	0.2462443328249317
CACNA1S	MANIDIPINE	Not Approved	""	0.2462443328249317
CACNA1S	ATAGABALIN	Not Approved	""	0.03788374351152796
CACNA1S	SIMVASTATIN	Approved	antidyslipidaemic agent,anticholesterolaemic agent,antihypertensive agent	0.03939909325198908
CACNA1S	WP814	Not Approved	""	0.984977331299727
CACNA1S	ENFLURANE	Approved	Inhalation,Anesthetics	0.2859611606999206
CACNA1S	DESFLURANE	Approved	inhalation anesthetics	0.2954931993899181
CACNA1S	BENIDIPINE	Not Approved	""	0.1969954662599453
CACNA1S	PHLOROGLUCINOL	Approved	""	0.03788374351152796
CACNA1S	ARVERAPAMIL	Not Approved	for treatment of irritable bowel syndrome	0.09849773312997269
CACNA1S	NICARDIPINE HYDROCHLORIDE	Approved	""	0.1094419256999696
CACNA1S	ISRADIPINE	Approved	Antihypertensive Agents; Vasodilator Agents	0.08208144427497725
CACNA1S	AZD1305	Not Approved	""	0.1641628885499545
CACNA1S	FELODIPINE	Approved	antihypertensive agent	0.115879686035262
CACNA1S	CILNIDIPINE	Not Approved	""	0.1407110473285324
CACNA1S	ROSUVASTATIN	Approved	antihypecholesterolemic agent	0.08208144427497725
CACNA1S	AZELNIDIPINE	Not Approved	""	0.1641628885499545
CACNA1S	NITRENDIPINE	Approved	Antihypertensive Agents; Vasodilator Agents	0.09849773312997269
CACNA1S	CLEVIDIPINE	Approved	antihypertensive agent	0.2814220946570648
CACNA1S	TERODILINE HYDROCHLORIDE	Approved	""	0.03177346229999119
CACNA1S	AMLODIPINE BESYLATE	Approved	cardiovascular agent,antihypertensive agent	0.1313303108399636
CACNA1S	IMAGABALIN	Not Approved	""	0.03788374351152796
CACNA1S	CAFFEINE	Approved	Central Nervous System Stimulants	0.07986302686214003
CACNA1S	ELPETRIGINE	Not Approved	""	0.1094419256999696
CACNA1S	BEPRIDIL HYDROCHLORIDE	Approved	""	0.03788374351152796
CACNA1S	LERCANIDIPINE HYDROCHLORIDE	Approved	""	0.1969954662599453
CACNA1S	LACIDIPINE	Approved	""	0.2462443328249317
CACNA1S	DRONEDARONE HYDROCHLORIDE	Approved	""	0.06156108320623293
CACNA1S	BIRICODAR	Not Approved	""	0.2462443328249317
CACNA1S	DILTIAZEM MALATE	Approved	""	0.2462443328249317
CACNA1S	COMPOUND 14 [PMID: 30925062]	Not Approved	""	0.328325777099909
CACNA1S	METHOXYFLURANE	Approved	Inhalation,Anesthetics	0.4029452718953429
CACNA1S	CELECOXIB	Approved	NSAID	0.02940230839700677
CACNA1S	GABAPENTIN ENACARBIL	Approved	for treatment of restless legs syndrome	0.03648064189998989
CACNA1S	LEVAMLODIPINE MALEATE	Approved	""	0.2462443328249317
CACNA1S	NISOLDIPINE	Approved	Antihypertensive Agents; Vasodilator Agents	0.057939843017631
CACNA1S	DILTIAZEM HYDROCHLORIDE	Approved	antihypertensive agent	0.06156108320623293
CACNA1S	NIFEDIPINE	Approved	Antianginal Agents; Vasodilator Agents	0.01758888091606655
CACNA1S	PRAVASTATIN SODIUM	Approved	anticholesterolaemic agent,antihypecholesterolemic agent	0.07296128379997978
CACNA1S	SULOCTIDIL	Approved	""	0.03788374351152796
CACNA1S	GABAPENTIN	Approved	analgesic,for treatment of neuropathic pain	0.02462443328249317
CACNA1S	VERAPAMIL	Approved	antihypertensive agent	0.0656651554199818
CACNA1S	AMLODIPINE MALEATE	Approved	""	0.2462443328249317
CACNA1S	ATORVASTATIN CALCIUM TRIHYDRATE	Approved	anticholesterolaemic agent,antihypecholesterolemic agent	0.03581735750180825
CACNA1S	CINNARIZINE	Approved	Anti-Allergic Agents	0.08954339375452064
CACNA1S	SEVOFLURANE	Approved	Inhalation,Anesthetics	0.23958908058642
CACNA1S	NIMODIPINE	Approved	Antihypertensive Agents; Vasodilator Agents	0.05184091217366984
CACNA1S	PREGABALIN	Approved	for treatment of restlegs legs syndrome,neuropathic pain,analgesic	0.03788374351152796
CACNA1S	HALOTHANE	Approved	Inhalation,Anesthetics	0.2462443328249317
CACNA1S	MEPIRODIPINE	Not Approved	""	0.2462443328249317
FMO1	OLANZAPINE	Approved	for treatment of bipolar disorder,antidepressant,antipsychotic agent	0.4579280575340836
FMO1	TAMOXIFEN	Approved	Hormonal,Antineoplastic Agents	0.5354235749629285
FMO1	NICOTINE POLACRILEX	Approved	Central Nervous System Stimulants	0.756576790708486
ERF	URMC-099	Not Approved	""	5.800422062098392
CACNB1	GABAPENTIN	Approved	analgesic,for treatment of neuropathic pain	0.09322106885515273
CACNB1	ATAGABALIN	Not Approved	""	0.1434170290079273
CACNB1	SULOCTIDIL	Approved	""	0.1434170290079273
CACNB1	IMAGABALIN	Not Approved	""	0.1434170290079273
CACNB1	BEPRIDIL HYDROCHLORIDE	Approved	""	0.1434170290079273
CACNB1	GABAPENTIN ENACARBIL	Approved	for treatment of restless legs syndrome	0.1381052871928188
CACNB1	PREGABALIN	Approved	for treatment of restlegs legs syndrome,neuropathic pain,analgesic	0.1434170290079273
CACNB1	ARVERAPAMIL	Not Approved	for treatment of irritable bowel syndrome	0.3728842754206109
CACNB1	ESTRADIOL DISULFATE	Not Approved	""	3.728842754206109
CACNB1	TERODILINE HYDROCHLORIDE	Approved	""	0.1202852501356809
CACNB1	VERAPAMIL	Approved	antihypertensive agent	0.1657263446313826
CACNB1	IBUTILIDE	Approved	Anti-Arrhythmia Agents	1.065383644058888
CACNB1	CELECOXIB	Approved	NSAID	0.1113087389315256
CACNB1	PHLOROGLUCINOL	Approved	""	0.1434170290079273
STIM1	VINCRISTINE	Approved	antineoplastic agent	1.288982680466309
CSN1S1	I3MT-3	Not Approved	""	52.20379855888553
SOD1	TETRACYCLINE	Approved	""	0.725052757762299
SOD1	DOXYCYCLINE ANHYDROUS	Approved	""	0.5674325930313645
SOD1	TOFERSEN	Approved	for treatment of ALS	26.10189927944276
SOD1	OXYTETRACYCLINE ANHYDROUS	Approved	""	0.6525474819860692
PPIA	PROLINE	Approved	""	3.728842754206109
PPIA	SCY 635	Not Approved	""	7.457685508412219
PPIA	VOCLOSPORIN	Approved	immunosuppressant,DMARD,antiinflammatory agent	1.242947584735369
PPIA	SCY-635	Not Approved	for treatment of hepatitis C	3.728842754206109
PPIA	IMMUNOSUPPRESSANT	Not Approved	""	0.8286317231569131
PPIA	ALISPORIVIR	Not Approved	""	7.457685508412219
PPIA	CYCLOSPORINE	Approved	immunosuppressant,opthalmological agent	0.4286026154259895
CASP4	EMRICASAN	Not Approved	""	4.015676812221964
SCN4A	NKTR-171	Not Approved	""	0.08031353624443928
SCN4A	HEXYLCAINE HYDROCHLORIDE	Approved	""	0.08031353624443928
SCN4A	MEPIVACAINE HYDROCHLORIDE	Approved	anestethic	0.05019596015277455
SCN4A	DICHLOROBENZYL ALCOHOL	Approved	""	0.08031353624443928
SCN4A	ESLICARBAZEPINE ACETATE	Approved	""	0.07301230567676298
SCN4A	PRIMIDONE	Approved	Anticonvulsants	0.02294672464126836
SCN4A	RILUZOLE	Approved	for treatment of ALS	0.03491892880193012
SCN4A	RANOLAZINE	Approved	antiallergy agent	0.1003919203055491
SCN4A	MERETHOXYLLINE PROCAINE	Approved	""	0.08031353624443928
SCN4A	MORICIZINE HYDROCHLORIDE	Approved	""	0.06692794687036606
SCN4A	RUFINAMIDE	Approved	""	0.06692794687036606
SCN4A	ROPIVACAINE HYDROCHLORIDE	Approved	""	0.08031353624443928
SCN4A	QUINIDINE SULFATE	Approved	""	0.08031353624443928
SCN4A	RALFINAMIDE	Not Approved	""	0.04015676812221964
SCN4A	ESLICARBAZEPINE	Approved	anticonvulsant	0.07301230567676298
SCN4A	CENOBAMATE	Approved	""	0.02868340580158546
SCN4A	OXCARBAZEPINE	Approved	anticonvulsant	0.0446186312469107
SCN4A	LAMOTRIGINE	Approved	anticonvulsant	0.03650615283838149
SCN4A	ENCAINIDE HYDROCHLORIDE	Approved	""	0.08031353624443928
SCN4A	FOSPHENYTOIN	Approved	anticonvulsant	0.0617796432649533
SCN4A	PRILOCAINE HYDROCHLORIDE	Approved	""	0.07301230567676298
SCN4A	PROPARACAINE HYDROCHLORIDE	Approved	""	0.08031353624443928
SCN4A	QUINIDINE GLUCONATE	Approved	""	0.08031353624443928
SCN4A	PRILOCAINE	Approved	for treatment of premature ejaculation,anesthetic	0.07301230567676298
SCN4A	PHENYTOIN SODIUM	Approved	Anticonvulsants	0.0191222705343903
SCN4A	DISOPYRAMIDE PHOSPHATE	Approved	""	0.07301230567676298
SCN4A	IRAMPANEL	Not Approved	""	0.05736681160317092
SCN4A	EVENAMIDE	Not Approved	""	0.08031353624443928
SCN4A	PROCAINE HYDROCHLORIDE	Approved	""	0.08031353624443928
SCN4A	MEXILETINE HYDROCHLORIDE	Approved	""	0.08031353624443928
SCN4A	QUINIDINE POLYGALACTURONATE	Approved	""	0.08031353624443928
SCN4A	LANPERISONE	Not Approved	""	0.8031353624443928
SCN4A	LEVOBUPIVACAINE HYDROCHLORIDE	Approved	""	0.8031353624443928
SCN4A	TOPIRAMATE	Approved	Anticonvulsants; anti-migraine agents,antimigraine agent,anticonvulsant	0.01825307641919074
SCN4A	PHENAZOPYRIDINE HYDROCHLORIDE	Approved	""	0.05019596015277455
SCN4A	ORPHENADRINE HYDROCHLORIDE	Approved	""	0.04227028223391541
SCN4A	PROPOFOL	Approved	sedative	0.05181518467383179
SCN4A	LIDOCAINE	Approved	for treatment of pelvic pain of bladder origin and interstitital cystitis,for treatment of premature ejaculation,anestethic,anesthetic	0.04724325661437605
SCN4A	BENOXINATE HYDROCHLORIDE	Approved	""	0.07301230567676298
SCN4A	MEPHENYTOIN	Approved	Anticonvulsants	0.06692794687036606
SCN4A	DYCLONINE HYDROCHLORIDE	Approved	""	0.05019596015277455
SCN4A	PROPAFENONE HYDROCHLORIDE	Approved	""	0.05736681160317092
SCN4A	PHENACEMIDE	Approved	Anticonvulsants	0.07301230567676298
SCN4A	CARBAMAZEPINE	Approved	for treatment of bipolar disorder	0.01639051760090597
SCN4A	LACOSAMIDE	Approved	neuropathic pain,analgesic,anticonvulsant	0.0617796432649533
SCN4A	ORPHENADRINE CITRATE	Approved	""	0.0382445410687806
SCN4A	ZONISAMIDE	Approved	anticonvulsant,antipsychotic agent,appetite suppressant	0.06425082899555142
SCN4A	COCAINE HYDROCHLORIDE	Approved	""	0.08031353624443928
SCN4A	FOSPROPOFOL	Approved	hypnotic and sedative	0.2007838406110982
SCN4A	BUPIVACAINE	Approved	neuralgia,analgesic,local anestethic,Local,Anesthetics	0.04724325661437605
SCN4A	ETHOTOIN	Approved	Anticonvulsants	0.08031353624443928
SCN4A	TOCAINIDE HYDROCHLORIDE	Approved	""	0.08031353624443928
SCN4A	ARTICAINE HYDROCHLORIDE	Approved	""	0.08031353624443928
SCN4A	INDECAINIDE HYDROCHLORIDE	Approved	""	0.08031353624443928
SCN4A	SAFINAMIDE	Approved	antiparkinson agent	0.05354235749629285
SCN4A	PROPOXYCAINE HYDROCHLORIDE	Approved	""	0.08031353624443928
SCN4A	PROCAINAMIDE HYDROCHLORIDE	Approved	""	0.08031353624443928
SCN4A	TETRODOTOXIN	Not Approved	analgesic	0.08031353624443928
SCN4A	ETIDOCAINE HYDROCHLORIDE	Approved	""	0.08031353624443928
SCN4A	LIDOCAINE HYDROCHLORIDE	Approved	""	0.08031353624443928
SCN4A	BUPIVACAINE HYDROCHLORIDE	Approved	""	0.8031353624443928
SCN4A	CHLOROPROCAINE	Approved	Local,Anesthetics	0.0617796432649533
SCN4A	DRONEDARONE HYDROCHLORIDE	Approved	""	0.05019596015277455
SCN4A	TETRACAINE	Approved	""	0.07301230567676298
SCN4A	NERISPIRDINE	Not Approved	""	0.01606270724888785
GTF2E1	DEFERIPRONE	Approved	""	2.088151942355421
GTF2E1	DEFEROXAMINE	Approved	""	0.6141623359868886
GTF2E1	DEFERITAZOLE	Not Approved	""	10.4407597117771
GTF2E1	DEFERASIROX	Approved	""	1.305094963972138
GTF2E1	ETIDRONATE DISODIUM	Approved	""	3.480253237259035
RPS27A	MT-3724	Not Approved	""	0.1288982680466309
RPS27A	DORLIMOMAB ARITOX	Not Approved	""	0.1305094963972138
RPS27A	EXALUREN	Not Approved	""	0.1305094963972138
RPS27A	ATALUREN	Approved	""	0.1273263379485013
RPS27A	CYCLOHEXIMIDE	Not Approved	""	0.10990273380818
AOX1	VITAMIN K3	Approved	for reducing EGFR-inhibitor-induced dermatological side effects	0.3600261969578312
AOX1	ISOVANILLIN	Not Approved	""	10.4407597117771
AOX1	AZATHIOPRINE	Approved	""	1.0990273380818
AOX1	FEBUXOSTAT	Approved	for treatment of gout	1.606270724888785
AOX1	ALLOPURINOL	Approved	antiuricemic agent,for treatment of gout	0.6960506474518071
RPE65	EMIXUSTAT	Not Approved	""	14.91537101682443
RPE65	TGAAG-76	Not Approved	""	7.457685508412219
RPE65	H2O2	Not Approved	""	0.5736681160317092
RPE65	TRETINOIN	Approved	for treatment of acne	0.1639051760090597
RPE65	VORETIGENE NEPARVOVEC	Approved	""	14.91537101682443
RPE65	RETINOIC ACID AGENT	Not Approved	""	0.7217115008140856
RPE65	EMIXUSTAT HYDROCHLORIDE	Not Approved	""	7.457685508412219
KCNJ2	DRONEDARONE HYDROCHLORIDE	Approved	""	3.262737409930345
GDF9	CUDC-101	Not Approved	""	0.3625263788811495
GDF9	SCRIPTAID	Not Approved	""	0.483368505174866
GDF9	QUISINOSTAT	Not Approved	""	0.1977416612078997
GDF9	DACINOSTAT	Not Approved	""	0.2289640287670418
GDF9	TRICHOSTATIN A	Not Approved	""	0.1611228350582886
GDF9	PANOBINOSTAT	Approved	antineoplastic agent	0.135947392080431
GDF9	GIVINOSTAT	Approved	antiinflammatory agent,antineoplastic agent	0.241684252587433
GDF9	ROMIDEPSIN	Approved	antineoplastic agent	0.1553684480919212
GDF9	SS-208	Not Approved	""	0.725052757762299
GDF9	TMP269	Not Approved	""	1.087579136643448
GDF9	BELINOSTAT	Approved	antineoplastic agent	0.1977416612078997
GDF9	KA1010	Not Approved	""	0.3954833224157995
HK1	ADENOVIRUS VECTOR	Not Approved	""	7.457685508412219
DRD5	APOMORPHINE	Approved	antiparkinson agent,for treatment of erectile dysfunction,for treatment of sexual dysfunction in women	0.0966737010349732
DRD5	MK-2461	Not Approved	""	0.1087579136643448
DRD5	ERGOLOID MESYLATES, USP	Approved	Nootropic Agents; Vasodilator Agents	0.2007838406110982
DRD5	BMS-777607	Not Approved	""	0.4350316546573794
DRD5	CARPHENAZINE	Approved	Antipsychotic Agents	1.305094963972138
DRD5	MERESTINIB	Not Approved	""	0.2610189927944276
DRD5	TAVAPADON	Not Approved	""	0.8700633093147588
DRD5	COMPOUND 8I [PMID: 22765894]	Not Approved	""	0.2175158273286897
DRD5	MELEVODOPA	Approved	antiparkinson agent	0.372884275420611
DRD5	ZUCLOPENTHIXOL	Approved	Antipsychotic Agents	1.305094963972138
DRD5	OLANZAPINE	Approved	for treatment of bipolar disorder,antidepressant,antipsychotic agent	0.03434460431505627
DRD5	LEVODOPA	Approved	antiparkinson agent	0.0725052757762299
DRD5	AMOXAPINE	Approved	antidepressant	0.1740126618629517
DRD5	COMPOUND 19A [PMID: 30503936]	Not Approved	""	0.3262737409930346
DRD5	DORDAVIPRONE	Not Approved	""	1.305094963972138
DRD5	MACROPHAGE STIMULATING PROTEIN 1	Not Approved	""	2.610189927944276
DRD5	FENOLDOPAM	Approved	antihypertensive agent	0.372884275420611
DRD5	PERGOLIDE MESYLATE	Approved	""	0.372884275420611
DRD5	PIMOZIDE	Approved	Antidyskinetics; Antipsychotic Agents	0.07677029199836108
DRD5	ETILEVODOPA	Not Approved	antiparkinson agent	0.5220379855888553
AGPAT2	METRELEPTIN	Approved	""	10.4407597117771
HCRTR1	FILOREXANT	Not Approved	""	1.450105515524598
HCRTR1	LEMBOREXANT	Approved	""	1.450105515524598
HCRTR1	DARIDOREXANT HYDROCHLORIDE	Approved	""	2.900211031049196
HCRTR1	CHEMBL:CHEMBL1520346	Not Approved	""	1.160084412419678
HCRTR1	ORN-0829 HYDRATE	Not Approved	""	2.900211031049196
HCRTR1	DARIDOREXANT	Approved	""	1.450105515524598
HCRTR1	ALMOREXANT	Not Approved	sleep disorder treatment	2.900211031049196
HCRTR1	SB-649868	Not Approved	""	5.800422062098392
HCRTR1	SUVOREXANT	Approved	hypnotic	2.900211031049196
ZFP36L2	GROSHEIMIN	Not Approved	""	1.242947584735369
ZFP36L2	LACTUCOPICRIN	Not Approved	""	1.864421377103054
ZFP36L2	CITRONELLAL	Not Approved	""	3.728842754206109
ZFP36L2	ARISTOLOCHIC ACID	Not Approved	""	0.7457685508412218
ZFP36L2	BUTYRIC ACID	Not Approved	""	0.2571615692555937
ZFP36L2	CYCLAMATE	Not Approved	""	1.864421377103054
ZFP36L2	SACCHARIN	Approved	""	1.864421377103054
ZFP36L2	ACESULFAME	Approved	""	1.864421377103054
ZFP36L2	CYCLOLINOPEPTIDE 1-MSO,3-MET-CL6	Not Approved	""	3.728842754206109
ZFP36L2	GIV3727	Not Approved	""	1.242947584735369
ZFP36L2	BENGALENSOL	Not Approved	""	1.864421377103054
ZFP36L2	AMAROGENTIN	Not Approved	""	1.242947584735369
ZFP36L2	ALLOIN	Not Approved	""	3.728842754206109
ZFP36L2	3-METHYLHEXANAL	Not Approved	""	3.728842754206109
FOLR3	PEMETREXED DISODIUM	Approved	Antineoplastic Agents,antineoplastic agent	0.8031353624443929
FOLR3	PETESICATIB	Not Approved	""	3.480253237259035
FOLR3	CITIBRASINE	Not Approved	""	10.4407597117771
FOLR3	VBY-825	Not Approved	""	2.088151942355421
FOLR3	CITRUSININE II	Not Approved	""	5.220379855888553
TF	ADEMETIONINE	Not Approved	""	13.05094963972138
TF	VEMURAFENIB	Approved	antineoplastic agent	0.3527283686411184
TF	TRANSFERRIN RECEPTOR-TARGETED ANTI-RRM2 SIRNA CALAA-01	Not Approved	""	6.525474819860691
TF	ADALIMUMAB	Approved	DMARD,antiinflammatory agent	0.790966644831599
UMOD	RECOMBINANT LYMPHOKINE	Not Approved	""	4.97179033894148
UMOD	CYCLOSPORINE	Approved	immunosuppressant,opthalmological agent	0.4000291077309236
UMOD	VITAMIN A	Approved	""	1.288982680466309
LPO	ASCORBIC ACID	Approved	""	0.8031353624443929
LPO	DIETHYLSTILBESTROL	Approved	Hormone Replacement Agents	0.6327733158652792
LPO	T-817 MALEATE	Not Approved	""	5.220379855888553
LPO	RAXOFELAST	Not Approved	""	10.4407597117771
LPO	DEXTRAN SULFATE SODIUM	Not Approved	""	2.610189927944276
BCHE	SN-38	Not Approved	""	0.09322106885515274
BCHE	BMS753	Not Approved	""	1.305094963972138
BCHE	BMS-189532	Not Approved	""	1.305094963972138
BCHE	IRINOTECAN HYDROCHLORIDE	Approved	antineoplastic agent	0.06214737923676848
BCHE	AROTINOID ACID	Not Approved	""	0.07677029199836108
BCHE	DEMECARIUM BROMIDE	Approved	Antiglaucomic Agents	1.305094963972138
BCHE	ECHOTHIOPHATE IODIDE	Approved	Miotics	1.305094963972138
BCHE	IMMUNOTOXIN	Not Approved	""	0.3262737409930346
BCHE	ISOFLUROPHATE	Approved	Antiglaucomic Agents	1.305094963972138
BCHE	BUPIVACAINE	Approved	neuralgia,analgesic,local anestethic,Local,Anesthetics	0.1535405839967221
BCHE	HEXAFLUORENIUM	Not Approved	Muscle Relaxants	3.915284891916414
BCHE	RO 41-5253	Not Approved	""	1.305094963972138
BCHE	TAZAROTENE	Approved	for treatment of acne,antipsoriatic agent	0.1186449967247398
BCHE	TAMIBAROTENE	Approved	antineoplastic agent	0.2175158273286897
BCHE	MEPTAZINOL	Approved	""	0.6525474819860692
BCHE	ALITRETINOIN	Approved	""	0.06214737923676848
BCHE	TACRINE HYDROCHLORIDE	Approved	""	0.6525474819860692
BCHE	AGN193836	Not Approved	""	1.305094963972138
BCHE	RIVASTIGMINE	Approved	for treatment of Alzheimer's disease	0.5593264131309165
BCHE	VOLANESORSEN	Approved	""	0.6525474819860692
BCHE	BMS614	Not Approved	""	1.305094963972138
BCHE	PHENSERINE	Not Approved	for treatment of Alzheimer's disease	0.2610189927944276
BCHE	MEMANTINE HYDROCHLORIDE	Approved	for treatment of Alzheimer's disease,for treatment of glaucoma	0.2900211031049196
BCHE	EPTASTIGMINE	Not Approved	""	0.6525474819860692
BCHE	BMS493	Not Approved	""	0.1864421377103055
BCHE	ADAPALENE	Approved	Dermatologic Agents	0.1087579136643448
BCHE	RO 40-6055	Not Approved	""	0.2175158273286897
BCHE	AGN193109	Not Approved	""	0.4350316546573794
BCHE	PROPANIDID	Approved	""	0.6525474819860692
BCHE	RIVASTIGMINE TARTRATE	Approved	""	0.6525474819860692
BCHE	CD666	Not Approved	""	0.4350316546573794
BCHE	DONEPEZIL	Approved	for treatment of alzheimer's disease	0.4894106114895518
BCHE	TRETINOIN	Approved	for treatment of acne	0.01434170290079272
BCHE	TRIAMCINOLONE	Approved	for treatment of diabetic macular edema	0.1134865186062729
BCHE	ANESTHETIC AGENT	Not Approved	""	0.2610189927944276
BCHE	GALANTAMINE	Approved	for treatment of alzheimer's disease	0.3262737409930346
BCHE	MIVACURIUM	Approved	Muscle Relaxants	1.740126618629517
BCHE	PHENOTHIAZINE	Not Approved	""	0.1631368704965173
BCHE	TRIFAROTENE	Approved	""	0.3262737409930346
BCHE	SUCCINYLCHOLINE	Approved	Skeletal,Muscle Relaxants	2.135609941045317
CARD16	RIBAVIRIN	Approved	""	1.37378417260225
CARD16	PEGINTERFERON ALFA-2B	Approved	""	1.631368704965172
ATN1	DORSOMORPHIN	Not Approved	""	1.631368704965172
ATN1	COMPOUND 66 [PMID: 19788238]	Not Approved	""	1.186449967247398
ATN1	COMPOUND 8H [PMID: 21561767]	Not Approved	""	1.864421377103054
ATN1	DDR1/2 INHIBITOR 5N	Not Approved	""	1.003919203055491
PSMB6	CARFILZOMIB	Approved	antineoplastic agent	0.4971790338941479
PSMB6	BORTEZOMIB D-MANNITOL	Approved	""	0.1962548818003215
PSMB6	MARIZOMIB	Not Approved	""	0.3551278813529627
PSMB6	OPROZOMIB	Not Approved	antineoplastic agent	0.1864421377103054
PSMB6	IXAZOMIB CITRATE	Approved	antineoplastic agent	0.191222705343903
PSMB6	BORTEZOMIB	Approved	antineoplastic agent	0.350949906278222
PSMB6	IXAZOMIB	Approved	""	0.1775639406764813
NEK4	DOVITINIB	Not Approved	antineoplastic agent	0.04698811751474845
NEK4	SP-600125	Not Approved	""	0.05332359403359094
NEK4	TAMATINIB	Not Approved	""	0.05859012183937771
NEK4	CENISERTIB	Not Approved	antineoplastic agent	0.04021864295753893
NEK4	NVP-TAE684	Not Approved	""	0.04607572688339412
NEK4	SNS-314	Not Approved	antineoplastic agent	0.1129952349759427
NEK4	BAY 61-3606	Not Approved	""	0.1157512163168193
NEK4	GW441756X	Not Approved	""	0.07301230567676298
NEK4	PHA-767491	Not Approved	""	0.07190605862105445
NEK4	CYC-116	Not Approved	""	0.04892577184525354
NEK4	ILORASERTIB	Not Approved	""	0.04091206783611718
NPR1	CARPERITIDE	Not Approved	""	1.338558937407321
NPR1	NITROPRUSSIDE	Approved	Antihypertensive Agents; Vasodilator Agents	4.015676812221964
NPR1	NESIRITIDE	Approved	cardiovascular agent,for treatment of congestive heart failure	4.015676812221964
NPR1	ERYTHRITYL TETRANITRATE	Approved	Antianginal Agents; Vasodilator Agents	2.677117874814642
NPR1	ATRIAL NATRIURETIC PEPTIDE	Not Approved	for treatment of congestive heart failure	1.338558937407321
NPR1	PL-3994	Not Approved	antihypertensive agent	16.06270724888785
NPR1	NITRIC OXIDE	Approved	antiinflammatory agent	0.4015676812221964
NPR1	CENDERITIDE	Not Approved	for treatment of heart failure	1.003919203055491
NPR1	ISOSORBIDE DINITRATE	Approved	antihypertensive agent	0.7301230567676299
NPR1	ATACIGUAT	Not Approved	""	0.8031353624443928
NPR1	NITROGLYCERIN	Approved	for treatment of Raynaud's disease	0.617796432649533
NPR1	ULARITIDE	Not Approved	""	4.015676812221964
NPR1	ISOSORBIDE MONONITRATE	Approved	Antianginal Agents; Vasodilator Agents	0.8031353624443928
CORO7	METHYLPHENIDATE HYDROCHLORIDE	Approved	for treatment of ADHD	2.269730372125458
GABBR1	BACLOFEN	Approved	for treatment of alcohol dependance	2.610189927944276
GABBR1	LESOGABERAN	Not Approved	for treatment of gastrointestinal reflux disease	2.900211031049196
GABBR1	SODIUM OXYBATE	Approved	""	1.450105515524598
GABBR1	PROGABIDE	Not Approved	Anticonvulsants	4.350316546573794
GABBR1	SGS-742	Not Approved	""	2.175158273286897
GABBR1	CALCIUM OXYBATE	Approved	""	2.175158273286897
GABBR1	VIGABATRIN	Approved	for treatment of addiction	1.087579136643448
GABBR1	MAGNESIUM OXYBATE	Approved	""	2.175158273286897
GABBR1	ANTIDEPRESSANT AGENT	Not Approved	""	0.1673198671759151
GABBR1	ARBACLOFEN	Not Approved	symptomatic treatment for fragile X syndrome	2.175158273286897
GABBR1	POTASSIUM OXYBATE	Approved	""	2.175158273286897
GABBR1	ARBACLOFEN PLACARBIL	Not Approved	""	1.450105515524598
UOX	POLYETHYLENE GLYCOL 4000	Approved	""	31.32227913533131
ERAS	(S)-XY-05	Not Approved	""	26.10189927944276
ERAS	ATAMPARIB	Not Approved	""	26.10189927944276
HK3	LY3372689	Not Approved	""	17.40126618629517
HK3	THIAMET-G	Not Approved	""	17.40126618629517
HK3	MK-8719	Not Approved	""	17.40126618629517
SLC15A1	ACYCLOVIR	Approved	""	3.480253237259035
SLC15A1	DAUNORUBICIN LIPOSOMAL	Approved	antineoplastic agent	0.2294672464126836
SLC15A1	CANNABIDIOL	Approved	""	2.610189927944276
SLC15A1	[3H]GLYSAR	Not Approved	""	6.960506474518071
SLC15A1	DOXORUBICIN HYDROCHLORIDE	Approved	antineoplastic agent	0.1410913474564473
LAMA5	OCRIPLASMIN	Approved	""	1.37378417260225
MFGE8	BRE-3 90Y	Not Approved	""	26.10189927944276
MFGE8	MONOCLONAL ANTIBODY 11D10 ANTI-IDIOTYPE VACCINE	Not Approved	antineoplastic agent	26.10189927944276
MDH2	THERAPEUTIC GONADOTROPIN	Not Approved	""	3.728842754206109
MDH2	EXPECTORANT	Not Approved	""	26.10189927944276
MDH2	CISPLATIN	Approved	""	0.1775639406764814
MDH2	ANTIOXIDANT	Not Approved	""	1.242947584735369
STK36	RO-0505124	Not Approved	""	13.05094963972138
STK36	SB202190	Not Approved	""	1.450105515524598
CD248	ONTUXIZUMAB	Not Approved	antineoplastic agent	156.6113956766566
PADI3	O-F-AMIDINE	Not Approved	""	8.700633093147589
PADI3	CHEMBL:CHEMBL1910971	Not Approved	""	13.05094963972138
NPR3	NESIRITIDE	Approved	cardiovascular agent,for treatment of congestive heart failure	6.525474819860691
NPR3	ANX-042	Not Approved	""	26.10189927944276
NPR3	ATRIAL NATRIURETIC PEPTIDE	Not Approved	for treatment of congestive heart failure	4.350316546573794
NPR3	CARPERITIDE	Not Approved	""	4.350316546573794
RNF130	COSFROVIXIMAB	Not Approved	""	7.457685508412219
RNF130	ANSUVIMAB	Approved	""	7.457685508412219
RNF130	PORGAVIXIMAB	Not Approved	""	7.457685508412219
RNF130	ATOLTIVIMAB	Approved	""	7.457685508412219
RNF130	LARCAVIXIMAB	Not Approved	""	7.457685508412219
RNF130	MAFTIVIMAB	Approved	""	7.457685508412219
RNF130	ODESIVIMAB	Approved	""	7.457685508412219
BBS2	FUNAPIDE	Not Approved	analgesic	0.5437895683217243
BBS2	ATX-II	Not Approved	""	0.5437895683217243
BBS2	XPC-7224	Not Approved	""	3.262737409930345
BBS2	VERATRIDINE	Not Approved	""	0.8156843524825864
BBS2	XPC-5462	Not Approved	""	1.631368704965172
BBS2	RELUTRIGINE	Not Approved	""	0.8156843524825864
BBS2	BATRACHOTOXIN	Not Approved	""	0.6525474819860692
BBS2	&BETA;-SCORPION TOXIN CN2	Not Approved	""	3.262737409930345
BBS2	GNE-616	Not Approved	""	0.4661053442757637
BBS2	PF-04885614	Not Approved	""	1.087579136643448
BBS2	GNE-131	Not Approved	""	0.6525474819860692
BBS2	AM-6120	Not Approved	""	0.6525474819860692
BBS2	AFT-II	Not Approved	""	0.5437895683217243
BBS2	SAXITOXIN	Not Approved	""	0.8156843524825864
BBS2	BC-III	Not Approved	""	0.5437895683217243
BBS2	ZANDATRIGINE	Not Approved	""	1.631368704965172
CHN2	FLUOROURACIL	Approved	""	0.450032746197289
CTBS	7-HYDROXYSTAUROSPORINE	Not Approved	""	0.5019596015277455
CTBS	10-ME-APLOG-1	Not Approved	""	0.9322106885515274
CTBS	RASGRP ACTIVATOR 1	Not Approved	""	2.175158273286897
CTBS	SOTRASTAURIN	Not Approved	""	0.1069749970468965
CTBS	CHELERYTHRINE	Not Approved	""	3.262737409930345
CTBS	BALANOL	Not Approved	""	0.5019596015277455
CTBS	INGENOL MEBUTATE	Approved	antineoplastic agent,for treatment of actinic keratosis	0.4078421762412932
CTBS	Y27632	Not Approved	""	1.631368704965172
KAT2B	CHEMBL:CHEMBL1797708	Not Approved	""	3.866948041398928
KAT2B	CHEMBL:CHEMBL1797709	Not Approved	""	11.60084412419678
KAT2B	ANACARDIC ACID	Not Approved	""	1.657263446313826
KAT2B	CHEMBL:CHEMBL404916	Not Approved	""	8.700633093147589
KAT2B	TRIAZOLAM	Approved	sedative,analgesic	0.3515407310362662
KAT2B	CHEMBL:CHEMBL1797711	Not Approved	""	5.800422062098392
KAT2B	CHEMBL:CHEMBL1797707	Not Approved	""	3.866948041398928
KAT2B	CHEMBL:CHEMBL416038	Not Approved	""	3.866948041398928
KAT2B	CHEMBL:CHEMBL257748	Not Approved	""	3.866948041398928
NDUFAB1	NV-128	Not Approved	""	0.3480253237259035
NDUFAB1	METFORMIN HYDROCHLORIDE	Approved	""	0.3107368961838425
NDUFAB1	ME-344	Not Approved	""	0.3412012977704936
PPOX	GIVOSIRAN	Approved	""	17.40126618629517
PPOX	AMINOLEVULINIC ACID HYDROCHLORIDE	Approved	""	26.10189927944276
CDH3	PF-03732010	Not Approved	""	26.10189927944276
CDH3	PF-06671008	Not Approved	""	26.10189927944276
SLC23A1	ASCORBIC ACID	Approved	""	2.007838406110982
